season,week,team,player_id,player_name,position_group,status,report_date,source
2026,1,ARI,,Jeremiyah Love,RB,questionable,2026-09-03 17:49:00+00:00,espn
2026,1,ARI,,Michael Wilson,WR,active,2026-09-03 17:00:00+00:00,espn
2026,1,ARI,,Tyler Allgeier,RB,active,2026-09-03 15:34:00+00:00,espn
2026,1,ARI,,Trey McBride,TE,active,2026-09-02 23:38:00+00:00,espn
2026,1,ARI,,Marvin Harrison Jr.,WR,active,2026-09-02 22:49:00+00:00,espn
2026,1,ARI,,Zachary Carter,IDL,unknown,2026-08-31 22:42:00+00:00,espn
2026,1,ARI,,Will Johnson,CB,questionable,2026-08-31 22:12:00+00:00,espn
2026,1,ARI,,Carson Beck,QB,active,2026-08-31 19:30:00+00:00,espn
2026,1,ARI,,Tip Reiman,TE,out,2026-08-31 03:56:00+00:00,espn
2026,1,ARI,,James Conner,RB,unknown,2026-08-30 21:50:00+00:00,espn
2026,1,ARI,,Hunter Long,TE,active,2026-08-30 14:30:00+00:00,espn
2026,1,ARI,,Reggie Virgil,WR,active,2026-08-30 03:37:00+00:00,espn
2026,1,ARI,,Jalen Brooks,WR,active,2026-08-30 03:31:00+00:00,espn
2026,1,ARI,,Elijah Higgins,TE,active,2026-08-29 04:11:00+00:00,espn
2026,1,ARI,,Gardner Minshew II,QB,active,2026-08-29 03:57:00+00:00,espn
2026,1,ARI,,Hjalte Froholdt,IOL,active,2026-08-25 23:38:00+00:00,espn
2026,1,ARI,,Trey Benson,RB,unknown,2026-08-25 23:07:00+00:00,espn
2026,1,ARI,,Josh Sweat,LB,active,2026-08-24 20:46:00+00:00,espn
2026,1,ARI,,Chad Ryland,PK,active,2026-08-23 06:07:00+00:00,espn
2026,1,ARI,,Dadrion Taylor-Demerson,S,questionable,2026-08-23 02:45:00+00:00,espn
2026,1,ARI,,Blake Gillikin,P,questionable,2026-08-23 02:12:00+00:00,espn
2026,1,ARI,,Garrett Williams,CB,active,2026-08-21 00:44:00+00:00,espn
2026,1,ARI,,Jacoby Brissett,QB,active,2026-08-20 21:14:00+00:00,espn
2026,1,ARI,,Valentin Senn,OT,active,2026-08-19 12:07:00+00:00,espn
2026,1,ARI,,Chase Bisontis,IOL,unknown,2026-08-19 12:07:00+00:00,espn
2026,1,ATL,,Jack Strand,QB,active,2026-09-04 04:44:00+00:00,espn
2026,1,ATL,,Michael Penix Jr.,QB,questionable,2026-09-03 13:23:00+00:00,espn
2026,1,ATL,,Da'Shawn Hand,IDL,active,2026-09-02 23:18:00+00:00,espn
2026,1,ATL,,Gervon Dexter Sr.,IDL,active,2026-09-02 23:13:00+00:00,espn
2026,1,ATL,,Brian Robinson Jr.,RB,active,2026-09-01 22:32:00+00:00,espn
2026,1,ATL,,Keshawn Banks,EDGE,unknown,2026-09-01 00:55:00+00:00,espn
2026,1,ATL,,JD Bertrand,LB,unknown,2026-08-31 23:31:00+00:00,espn
2026,1,ATL,,Anterio Thompson,IDL,out,2026-08-31 22:48:00+00:00,espn
2026,1,ATL,,Billy Bowman Jr.,CB,questionable,2026-08-31 15:38:00+00:00,espn
2026,1,ATL,,Beaux Collins,WR,unknown,2026-08-31 04:00:00+00:00,espn
2026,1,ATL,,Zachariah Branch,WR,active,2026-08-29 21:59:00+00:00,espn
2026,1,ATL,,Drake London,WR,active,2026-08-29 21:32:00+00:00,espn
2026,1,ATL,,Cooper Rush,QB,active,2026-08-29 20:59:00+00:00,espn
2026,1,ATL,,Jahan Dotson,WR,active,2026-08-29 02:35:00+00:00,espn
2026,1,ATL,,Kyle Pitts Sr.,TE,active,2026-08-29 02:24:00+00:00,espn
2026,1,ATL,,Tua Tagovailoa,QB,active,2026-08-29 02:20:00+00:00,espn
2026,1,ATL,,Nick Folk,PK,active,2026-08-22 20:28:00+00:00,espn
2026,1,ATL,,Trey Sermon,RB,unknown,2026-08-19 23:30:00+00:00,espn
2026,1,ATL,,Divine Deablo,LB,active,2026-08-19 23:13:00+00:00,espn
2026,1,ATL,,Malik Verdon,LB,unknown,2026-08-19 12:07:00+00:00,espn
2026,1,ATL,,James Pearce Jr.,LB,unknown,2026-08-19 12:07:00+00:00,espn
2026,1,ATL,,Xavier Watts,S,active,2026-08-19 12:07:00+00:00,espn
2026,1,ATL,,Za'Darius Smith,EDGE,active,2026-08-18 13:18:00+00:00,espn
2026,1,ATL,,Jessie Bates III,S,active,2026-08-17 23:52:00+00:00,espn
2026,1,ATL,,DeMarcco Hellams,S,active,2026-08-15 15:27:00+00:00,espn
2026,1,BAL,,Joe Fagnano,QB,active,2026-09-04 04:56:00+00:00,espn
2026,1,BAL,,Zay Flowers,WR,questionable,2026-09-03 16:28:00+00:00,espn
2026,1,BAL,,Mark Andrews,TE,active,2026-09-03 15:14:00+00:00,espn
2026,1,BAL,,Derrick Henry,RB,active,2026-09-01 17:52:00+00:00,espn
2026,1,BAL,,Lamar Jackson,QB,active,2026-09-01 16:50:00+00:00,espn
2026,1,BAL,,Bilhal Kone,CB,unknown,2026-08-31 22:46:00+00:00,espn
2026,1,BAL,,Tyler Loop,PK,active,2026-08-31 21:11:00+00:00,espn
2026,1,BAL,,Adam Randall,RB,unknown,2026-08-31 03:52:00+00:00,espn
2026,1,BAL,,Nnamdi Madubuike,IDL,questionable,2026-08-31 01:25:00+00:00,espn
2026,1,BAL,,Devontez Walker,WR,active,2026-08-29 06:45:00+00:00,espn
2026,1,BAL,,Elijah Sarratt,WR,active,2026-08-29 06:42:00+00:00,espn
2026,1,BAL,,Rasheen Ali,RB,active,2026-08-29 06:33:00+00:00,espn
2026,1,BAL,,Tyler Huntley,QB,active,2026-08-29 06:27:00+00:00,espn
2026,1,BAL,,Josh Cuevas,TE,active,2026-08-29 06:20:00+00:00,espn
2026,1,BAL,,Matthew Hibner,TE,active,2026-08-29 06:15:00+00:00,espn
2026,1,BAL,,Danny Pinter,IOL,unknown,2026-08-26 23:36:00+00:00,espn
2026,1,BAL,,Justice Hill,RB,active,2026-08-24 15:24:00+00:00,espn
2026,1,BAL,,Ja'Kobi Lane,WR,active,2026-08-22 23:58:00+00:00,espn
2026,1,BAL,,Rashod Bateman,WR,active,2026-08-21 22:54:00+00:00,espn
2026,1,BAL,,Ethan Pocic,IOL,active,2026-08-21 02:48:00+00:00,espn
2026,1,BAL,,Jahquez Robinson,S,unknown,2026-08-20 00:15:00+00:00,espn
2026,1,BAL,,Aeneas Peebles,IDL,questionable,2026-08-19 12:07:00+00:00,espn
2026,1,BAL,,Skylar Thompson,QB,unknown,2026-08-19 12:07:00+00:00,espn
2026,1,BAL,,Jay Higgins IV,LB,questionable,2026-08-19 12:07:00+00:00,espn
2026,1,BAL,,John Jenkins,IDL,active,2026-08-19 12:07:00+00:00,espn
2026,1,BUF,,Jedrick Wills Jr.,OT,active,2026-09-02 22:01:00+00:00,espn
2026,1,BUF,,Khalil Shakir,WR,questionable,2026-09-02 20:34:00+00:00,espn
2026,1,BUF,,Connor McGovern,IOL,active,2026-09-01 23:57:00+00:00,espn
2026,1,BUF,,Keon Coleman,WR,questionable,2026-09-01 19:23:00+00:00,espn
2026,1,BUF,,Ty Johnson,RB,questionable,2026-09-01 19:10:00+00:00,espn
2026,1,BUF,,Zane Durant,IDL,unknown,2026-08-31 04:09:00+00:00,espn
2026,1,BUF,,Tyrell Shavers,WR,out,2026-08-31 04:04:00+00:00,espn
2026,1,BUF,,Dalton Kincaid,TE,active,2026-08-29 01:12:00+00:00,espn
2026,1,BUF,,DJ Moore,WR,active,2026-08-29 00:57:00+00:00,espn
2026,1,BUF,,James Cook III,RB,active,2026-08-29 00:26:00+00:00,espn
2026,1,BUF,,Ray Davis,RB,active,2026-08-28 07:02:00+00:00,espn
2026,1,BUF,,Skyler Bell,WR,active,2026-08-28 03:50:00+00:00,espn
2026,1,BUF,,Alec Anderson,OT,active,2026-08-26 00:09:00+00:00,espn
2026,1,BUF,,Terrel Bernard,LB,questionable,2026-08-25 14:01:00+00:00,espn
2026,1,BUF,,Josh Allen,QB,active,2026-08-25 12:31:00+00:00,espn
2026,1,BUF,,Jude Bowry,OT,questionable,2026-08-25 02:33:00+00:00,espn
2026,1,BUF,,Dawson Knox,TE,active,2026-08-24 15:23:00+00:00,espn
2026,1,BUF,,Jackson Hawes,TE,active,2026-08-21 00:41:00+00:00,espn
2026,1,BUF,,Phidarian Mathis,IDL,unknown,2026-08-19 12:07:00+00:00,espn
2026,1,BUF,,Demetrius Flannigan-Fowles,LB,unknown,2026-08-19 12:07:00+00:00,espn
2026,1,BUF,,Chase Lundt,OT,active,2026-08-19 12:07:00+00:00,espn
2026,1,BUF,,Greg Gaines,IDL,active,2026-08-18 23:29:00+00:00,espn
2026,1,BUF,,Tyler Bass,PK,active,2026-08-18 19:45:00+00:00,espn
2026,1,BUF,,Dorian Williams,LB,active,2026-08-10 18:24:00+00:00,espn
2026,1,BUF,,C.J. Gardner-Johnson,S,active,2026-08-06 22:08:00+00:00,espn
2026,1,CAR,,Jalen Coker,WR,active,2026-09-04 00:03:00+00:00,espn
2026,1,CAR,,Bryce Young,QB,active,2026-09-03 23:55:00+00:00,espn
2026,1,CAR,,AJ Dillon,RB,active,2026-09-03 20:36:00+00:00,espn
2026,1,CAR,,Darren Waller,TE,active,2026-09-03 00:03:00+00:00,espn
2026,1,CAR,,Tetairoa McMillan,WR,active,2026-09-02 18:20:00+00:00,espn
2026,1,CAR,,Jonathon Brooks,RB,questionable,2026-09-02 17:23:00+00:00,espn
2026,1,CAR,,Brady Christensen,IOL,unknown,2026-09-01 23:48:00+00:00,espn
2026,1,CAR,,Chuba Hubbard,RB,questionable,2026-09-01 15:56:00+00:00,espn
2026,1,CAR,,Bam Martin-Scott,LB,unknown,2026-08-31 23:05:00+00:00,espn
2026,1,CAR,,Taylor Moton,OT,out,2026-08-31 23:00:00+00:00,espn
2026,1,CAR,,Ikem Ekwonu,OT,out,2026-08-31 22:52:00+00:00,espn
2026,1,CAR,,Tershawn Wharton,IDL,out,2026-08-31 16:12:00+00:00,espn
2026,1,CAR,,TeRah Edwards,IDL,active,2026-08-31 00:14:00+00:00,espn
2026,1,CAR,,Trevor Etienne,RB,unknown,2026-08-30 23:58:00+00:00,espn
2026,1,CAR,,Bobby Okereke,LB,active,2026-08-29 18:39:00+00:00,espn
2026,1,CAR,,John Metchie III,WR,active,2026-08-29 07:16:00+00:00,espn
2026,1,CAR,,Jimmy Horn Jr.,WR,active,2026-08-29 07:09:00+00:00,espn
2026,1,CAR,,Akayleb Evans,CB,questionable,2026-08-29 02:44:00+00:00,espn
2026,1,CAR,,Devin Lloyd,LB,questionable,2026-08-27 23:21:00+00:00,espn
2026,1,CAR,,Haynes King,QB,questionable,2026-08-24 21:24:00+00:00,espn
2026,1,CAR,,Xavier Legette,WR,questionable,2026-08-24 16:42:00+00:00,espn
2026,1,CAR,,Tommy Tremble,TE,active,2026-08-22 18:46:00+00:00,espn
2026,1,CAR,,Ryan Fitzgerald,PK,active,2026-08-22 18:07:00+00:00,espn
2026,1,CAR,,Jaelan Phillips,LB,questionable,2026-08-21 22:37:00+00:00,espn
2026,1,CAR,,Derrick Brown,IDL,questionable,2026-08-19 12:07:00+00:00,espn
2026,1,CHI,,D'Andre Swift,RB,questionable,2026-09-04 00:32:00+00:00,espn
2026,1,CHI,,Rome Odunze,WR,questionable,2026-09-03 22:57:00+00:00,espn
2026,1,CHI,,Roschon Johnson,RB,active,2026-09-03 21:59:00+00:00,espn
2026,1,CHI,,Colston Loveland,TE,active,2026-09-03 19:50:00+00:00,espn
2026,1,CHI,,Caleb Williams,QB,active,2026-09-03 19:23:00+00:00,espn
2026,1,CHI,,Kyle Monangai,RB,questionable,2026-09-02 20:37:00+00:00,espn
2026,1,CHI,,Cole Kmet,TE,active,2026-09-02 13:48:00+00:00,espn
2026,1,CHI,,Jack Sanborn,LB,active,2026-09-02 00:06:00+00:00,espn
2026,1,CHI,,Hayden Large,TE,unknown,2026-09-01 23:40:00+00:00,espn
2026,1,CHI,,Coby Bryant,S,unknown,2026-09-01 23:35:00+00:00,espn
2026,1,CHI,,Luther Burden III,WR,questionable,2026-09-01 18:45:00+00:00,espn
2026,1,CHI,,Dontae Manning,CB,unknown,2026-09-01 00:59:00+00:00,espn
2026,1,CHI,,Ruben Hyppolite II,LB,unknown,2026-09-01 00:58:00+00:00,espn
2026,1,CHI,,Beanie Bishop Jr.,CB,unknown,2026-09-01 00:55:00+00:00,espn
2026,1,CHI,,Tony Fields II,LB,unknown,2026-08-31 23:12:00+00:00,espn
2026,1,CHI,,Noah Sewell,LB,out,2026-08-31 16:31:00+00:00,espn
2026,1,CHI,,Shemar Turner,IDL,out,2026-08-31 16:27:00+00:00,espn
2026,1,CHI,,Kyler Gordon,CB,out,2026-08-31 16:24:00+00:00,espn
2026,1,CHI,,Brittain Brown,RB,unknown,2026-08-31 16:21:00+00:00,espn
2026,1,CHI,,Ray-Ray McCloud III,WR,unknown,2026-08-31 16:16:00+00:00,espn
2026,1,CHI,,Clark Phillips III,CB,active,2026-08-30 15:28:00+00:00,espn
2026,1,CHI,,Jahdae Walker,WR,active,2026-08-30 01:55:00+00:00,espn
2026,1,CHI,,Sam Roush,TE,active,2026-08-30 01:49:00+00:00,espn
2026,1,CHI,,Zavion Thomas,WR,active,2026-08-30 01:46:00+00:00,espn
2026,1,CHI,,Tyson Bagent,QB,active,2026-08-30 01:39:00+00:00,espn
2026,1,CIN,,Joe Burrow,QB,active,2026-09-03 15:51:00+00:00,espn
2026,1,CIN,,Shemar Stewart,EDGE,questionable,2026-09-03 00:08:00+00:00,espn
2026,1,CIN,,Ja'Marr Chase,WR,questionable,2026-09-02 22:12:00+00:00,espn
2026,1,CIN,,Tee Higgins,WR,questionable,2026-09-02 22:02:00+00:00,espn
2026,1,CIN,,Mike Gesicki,TE,active,2026-09-02 18:59:00+00:00,espn
2026,1,CIN,,Chase Brown,RB,active,2026-09-02 18:42:00+00:00,espn
2026,1,CIN,,Brian Parker II,OT,unknown,2026-08-31 22:55:00+00:00,espn
2026,1,CIN,,Ja'Sir Taylor,CB,unknown,2026-08-31 22:51:00+00:00,espn
2026,1,CIN,,Dohnte Meyers,WR,active,2026-08-30 17:00:00+00:00,espn
2026,1,CIN,,Colbie Young,WR,active,2026-08-29 03:47:00+00:00,espn
2026,1,CIN,,Tahj Brooks,RB,active,2026-08-29 03:43:00+00:00,espn
2026,1,CIN,,Evan McPherson,PK,active,2026-08-29 03:36:00+00:00,espn
2026,1,CIN,,Bryan Cook,S,active,2026-08-25 23:48:00+00:00,espn
2026,1,CIN,,Samaje Perine,RB,active,2026-08-24 15:37:00+00:00,espn
2026,1,CIN,,Andrei Iosivas,WR,active,2026-08-24 15:36:00+00:00,espn
2026,1,CIN,,Myles Murphy,EDGE,questionable,2026-08-19 12:07:00+00:00,espn
2026,1,CIN,,Dax Hill,CB,questionable,2026-08-19 12:07:00+00:00,espn
2026,1,CIN,,Kris Jenkins Jr.,IDL,active,2026-08-19 12:07:00+00:00,espn
2026,1,CIN,,Jack Endries,TE,active,2026-08-15 17:49:00+00:00,espn
2026,1,CIN,,B.J. Hill,IDL,active,2026-08-15 15:55:00+00:00,espn
2026,1,CIN,,Cashius Howell,EDGE,active,2026-08-08 23:18:00+00:00,espn
2026,1,CIN,,Erick All Jr.,TE,active,2026-07-30 21:08:00+00:00,espn
2026,1,CIN,,Jonathan Allen,IDL,active,2026-07-30 20:04:00+00:00,espn
2026,1,CIN,,Josh Newton,CB,active,2026-07-30 01:37:00+00:00,espn
2026,1,CIN,,Connor Lew,IOL,active,2026-07-30 01:30:00+00:00,espn
2026,1,CLE,,Jerry Jeudy,WR,active,2026-09-04 15:51:00+00:00,espn
2026,1,CLE,,Dylan Sampson,RB,active,2026-09-03 13:32:00+00:00,espn
2026,1,CLE,,KC Concepcion,WR,active,2026-09-02 23:15:00+00:00,espn
2026,1,CLE,,Sam Williams,LB,active,2026-09-01 23:58:00+00:00,espn
2026,1,CLE,,Kalia Davis,IDL,unknown,2026-09-01 23:39:00+00:00,espn
2026,1,CLE,,Edefuan Ulofoshio,LB,unknown,2026-09-01 01:08:00+00:00,espn
2026,1,CLE,,Elijah Chatman,IDL,unknown,2026-09-01 01:04:00+00:00,espn
2026,1,CLE,,Travis Bell,IDL,unknown,2026-09-01 00:57:00+00:00,espn
2026,1,CLE,,Isaiah Bond,WR,questionable,2026-08-31 19:35:00+00:00,espn
2026,1,CLE,,Dillon Gabriel,QB,unknown,2026-08-31 18:33:00+00:00,espn
2026,1,CLE,,Joe Royer,TE,out,2026-08-30 21:32:00+00:00,espn
2026,1,CLE,,Taylen Green,QB,active,2026-08-30 21:24:00+00:00,espn
2026,1,CLE,,Carson Schwesinger,LB,active,2026-08-29 19:58:00+00:00,espn
2026,1,CLE,,Quinshon Judkins,RB,active,2026-08-29 00:47:00+00:00,espn
2026,1,CLE,,Harold Fannin Jr.,TE,active,2026-08-28 22:48:00+00:00,espn
2026,1,CLE,,Mekhi Blackmon,CB,active,2026-08-28 22:25:00+00:00,espn
2026,1,CLE,,Carsen Ryan,TE,active,2026-08-28 04:06:00+00:00,espn
2026,1,CLE,,Andre Szmyt,PK,active,2026-08-28 03:42:00+00:00,espn
2026,1,CLE,,Maliek Collins,IDL,active,2026-08-24 23:46:00+00:00,espn
2026,1,CLE,,Shedeur Sanders,QB,active,2026-08-24 14:19:00+00:00,espn
2026,1,CLE,,Deshaun Watson,QB,active,2026-08-24 14:06:00+00:00,espn
2026,1,CLE,,Denzel Boston,WR,active,2026-08-24 13:52:00+00:00,espn
2026,1,CLE,,Alex Wright,EDGE,unknown,2026-08-23 18:39:00+00:00,espn
2026,1,CLE,,Derek Barnett,EDGE,active,2026-08-23 18:36:00+00:00,espn
2026,1,CLE,,Jamari Thrash,WR,unknown,2026-08-19 12:07:00+00:00,espn
2026,1,DAL,,Camden Brown,WR,active,2026-09-03 19:15:00+00:00,espn
2026,1,DAL,,Ryan Flournoy,WR,active,2026-09-03 01:04:00+00:00,espn
2026,1,DAL,,Jake Ferguson,TE,active,2026-09-03 00:50:00+00:00,espn
2026,1,DAL,,Dak Prescott,QB,active,2026-09-03 00:07:00+00:00,espn
2026,1,DAL,,George Pickens,WR,active,2026-09-02 18:18:00+00:00,espn
2026,1,DAL,,Sam Howell,QB,active,2026-09-01 23:13:00+00:00,espn
2026,1,DAL,,CeeDee Lamb,WR,active,2026-09-01 20:28:00+00:00,espn
2026,1,DAL,,Javonte Williams,RB,active,2026-09-01 17:52:00+00:00,espn
2026,1,DAL,,DJ Rogers,TE,unknown,2026-08-31 22:59:00+00:00,espn
2026,1,DAL,,Devin Moore,CB,unknown,2026-08-31 16:44:00+00:00,espn
2026,1,DAL,,Marist Liufau,LB,unknown,2026-08-31 16:40:00+00:00,espn
2026,1,DAL,,Malik Davis,RB,active,2026-08-30 19:47:00+00:00,espn
2026,1,DAL,,Broderick Jones,OT,active,2026-08-30 04:34:00+00:00,espn
2026,1,DAL,,Brandon Aubrey,PK,active,2026-08-29 03:32:00+00:00,espn
2026,1,DAL,,Kelvin Gilliam Jr.,IDL,unknown,2026-08-26 00:19:00+00:00,espn
2026,1,DAL,,Tyler Guyton,OT,questionable,2026-08-19 12:07:00+00:00,espn
2026,1,DAL,,Jalen Thompson,S,active,2026-08-19 12:07:00+00:00,espn
2026,1,DAL,,Jonathan Bullard,IDL,questionable,2026-08-19 12:07:00+00:00,espn
2026,1,DAL,,Princeton Fant,TE,unknown,2026-08-19 12:07:00+00:00,espn
2026,1,DAL,,Ajani Cornelius,OT,active,2026-08-19 12:07:00+00:00,espn
2026,1,DAL,,P.J. Locke,S,active,2026-08-19 12:07:00+00:00,espn
2026,1,DAL,,James Houston,LB,active,2026-08-19 12:07:00+00:00,espn
2026,1,DAL,,DeMarvion Overshown,LB,active,2026-08-18 00:56:00+00:00,espn
2026,1,DAL,,Jaishawn Barham,LB,active,2026-08-18 00:32:00+00:00,espn
2026,1,DAL,,Von Miller,LB,active,2026-08-17 23:49:00+00:00,espn
2026,1,DEN,,Courtland Sutton,WR,active,2026-09-04 02:31:00+00:00,espn
2026,1,DEN,,Jonah Coleman,RB,active,2026-09-04 01:24:00+00:00,espn
2026,1,DEN,,Pat Bryant,WR,active,2026-09-04 00:53:00+00:00,espn
2026,1,DEN,,Jaylen Waddle,WR,active,2026-09-03 17:35:00+00:00,espn
2026,1,DEN,,RJ Harvey,RB,active,2026-09-03 17:25:00+00:00,espn
2026,1,DEN,,Jarrett Stidham,QB,active,2026-09-02 23:42:00+00:00,espn
2026,1,DEN,,J.K. Dobbins,RB,active,2026-09-02 23:28:00+00:00,espn
2026,1,DEN,,Drew Sanders,LB,unknown,2026-09-01 00:57:00+00:00,espn
2026,1,DEN,,Jonathon Cooper,LB,out,2026-08-31 23:50:00+00:00,espn
2026,1,DEN,,Nick Gargiulo,IOL,out,2026-08-31 23:24:00+00:00,espn
2026,1,DEN,,Frank Crum,OT,unknown,2026-08-31 23:20:00+00:00,espn
2026,1,DEN,,Riley Moss,CB,questionable,2026-08-31 22:29:00+00:00,espn
2026,1,DEN,,Marvin Mims Jr.,WR,questionable,2026-08-31 22:10:00+00:00,espn
2026,1,DEN,,Caleb Lohner,TE,unknown,2026-08-31 16:50:00+00:00,espn
2026,1,DEN,,Troy Franklin,WR,active,2026-08-29 05:10:00+00:00,espn
2026,1,DEN,,Evan Engram,TE,active,2026-08-23 02:10:00+00:00,espn
2026,1,DEN,,Wil Lutz,PK,active,2026-08-22 19:03:00+00:00,espn
2026,1,DEN,,Levelle Bailey,LB,unknown,2026-08-22 00:29:00+00:00,espn
2026,1,DEN,,Luke Wattenberg,IOL,questionable,2026-08-19 12:07:00+00:00,espn
2026,1,DEN,,Matt Henningsen,EDGE,unknown,2026-08-19 12:07:00+00:00,espn
2026,1,DEN,,Michael Deiter,IOL,unknown,2026-08-19 12:07:00+00:00,espn
2026,1,DEN,,Jordan Turner,LB,active,2026-08-19 12:07:00+00:00,espn
2026,1,DEN,,Alex Forsyth,IOL,active,2026-08-19 12:07:00+00:00,espn
2026,1,DEN,,Nate Adkins,TE,active,2026-08-10 23:21:00+00:00,espn
2026,1,DEN,,Nik Bonitto,LB,active,2026-08-06 22:44:00+00:00,espn
2026,1,DET,,Jahmyr Gibbs,RB,active,2026-09-02 16:15:00+00:00,espn
2026,1,DET,,Jameson Williams,WR,active,2026-09-02 15:51:00+00:00,espn
2026,1,DET,,Jared Goff,QB,active,2026-09-02 15:20:00+00:00,espn
2026,1,DET,,Isiah Pacheco,RB,unknown,2026-09-02 15:10:00+00:00,espn
2026,1,DET,,Amon-Ra St. Brown,WR,active,2026-09-02 15:00:00+00:00,espn
2026,1,DET,,Tyler Conklin,TE,active,2026-09-01 20:27:00+00:00,espn
2026,1,DET,,Michael Niese,IOL,unknown,2026-09-01 01:01:00+00:00,espn
2026,1,DET,,Giovanni Manu,OT,out,2026-08-31 23:13:00+00:00,espn
2026,1,DET,,Cade Mays,IOL,unknown,2026-08-31 02:24:00+00:00,espn
2026,1,DET,,Kerby Joseph,S,out,2026-08-31 01:16:00+00:00,espn
2026,1,DET,,Brian Branch,S,out,2026-08-31 01:09:00+00:00,espn
2026,1,DET,,Jake Bates,PK,active,2026-08-29 21:53:00+00:00,espn
2026,1,DET,,Joshua Dobbs,QB,active,2026-08-29 21:39:00+00:00,espn
2026,1,DET,,Sione Vaki,RB,active,2026-08-29 20:48:00+00:00,espn
2026,1,DET,,Derrick Moore,EDGE,questionable,2026-08-28 01:02:00+00:00,espn
2026,1,DET,,Payton Turner,EDGE,unknown,2026-08-28 00:14:00+00:00,espn
2026,1,DET,,Damone Clark,LB,unknown,2026-08-26 00:11:00+00:00,espn
2026,1,DET,,Sam LaPorta,TE,questionable,2026-08-25 18:59:00+00:00,espn
2026,1,DET,,Jacob Saylors,RB,active,2026-08-22 19:55:00+00:00,espn
2026,1,DET,,Brock Wright,TE,active,2026-08-22 19:37:00+00:00,espn
2026,1,DET,,Ennis Rakestraw Jr.,CB,questionable,2026-08-21 02:11:00+00:00,espn
2026,1,DET,,Jimmy Rolder,LB,questionable,2026-08-21 01:55:00+00:00,espn
2026,1,DET,,Mekhi Wingo,IDL,questionable,2026-08-19 12:07:00+00:00,espn
2026,1,DET,,D.J. Reed,CB,questionable,2026-08-19 12:07:00+00:00,espn
2026,1,DET,,Malcolm Rodriguez,LB,questionable,2026-08-19 12:07:00+00:00,espn
2026,1,GB,,Tucker Kraft,TE,questionable,2026-09-03 20:31:00+00:00,espn
2026,1,GB,,Matthew Golden,WR,active,2026-09-03 18:50:00+00:00,espn
2026,1,GB,,Jordan Love,QB,active,2026-09-03 18:42:00+00:00,espn
2026,1,GB,,Christian Watson,WR,active,2026-09-03 17:41:00+00:00,espn
2026,1,GB,,Jayden Reed,WR,active,2026-09-03 16:54:00+00:00,espn
2026,1,GB,,Chris Brooks,RB,active,2026-09-03 14:22:00+00:00,espn
2026,1,GB,,Javon Bullard,S,active,2026-09-02 23:33:00+00:00,espn
2026,1,GB,,Collin Oliver,EDGE,unknown,2026-09-01 23:27:00+00:00,espn
2026,1,GB,,Savion Williams,WR,unknown,2026-09-01 15:51:00+00:00,espn
2026,1,GB,,Luke Musgrave,TE,out,2026-09-01 15:24:00+00:00,espn
2026,1,GB,,Micah Parsons,EDGE,out,2026-09-01 14:45:00+00:00,espn
2026,1,GB,,Josh Jacobs,RB,out,2026-09-01 14:35:00+00:00,espn
2026,1,GB,,Trey Dean III,S,unknown,2026-09-01 01:04:00+00:00,espn
2026,1,GB,,Matt Orzech,LS,active,2026-09-01 00:24:00+00:00,espn
2026,1,GB,,Jordon Riley,IDL,out,2026-08-31 23:19:00+00:00,espn
2026,1,GB,,Thomas Yassmin,TE,unknown,2026-08-31 23:12:00+00:00,espn
2026,1,GB,,Mark Redman,TE,active,2026-08-30 20:41:00+00:00,espn
2026,1,GB,,MarShawn Lloyd,RB,active,2026-08-30 19:36:00+00:00,espn
2026,1,GB,,J. Michael Sturdivant,WR,active,2026-08-30 18:25:00+00:00,espn
2026,1,GB,,Kaleb Johnson,RB,active,2026-08-30 17:45:00+00:00,espn
2026,1,GB,,Bo Melton,WR,active,2026-08-29 04:18:00+00:00,espn
2026,1,GB,,Jonnu Smith,TE,active,2026-08-27 16:08:00+00:00,espn
2026,1,GB,,Warren Brinson,IDL,questionable,2026-08-25 01:00:00+00:00,espn
2026,1,GB,,Trey Smack,PK,active,2026-08-22 05:31:00+00:00,espn
2026,1,GB,,Johnathan Baldwin II,S,unknown,2026-08-19 12:07:00+00:00,espn
2026,1,HOU,,Tank Dell,WR,unknown,2026-09-04 15:55:00+00:00,espn
2026,1,HOU,,Woody Marks,RB,active,2026-09-03 16:54:00+00:00,espn
2026,1,HOU,,Nico Collins,WR,active,2026-09-03 16:35:00+00:00,espn
2026,1,HOU,,David Montgomery,RB,active,2026-09-03 16:12:00+00:00,espn
2026,1,HOU,,C.J. Stroud,QB,active,2026-09-03 16:01:00+00:00,espn
2026,1,HOU,,Dalton Schultz,TE,active,2026-09-03 00:09:00+00:00,espn
2026,1,HOU,,Sam Hagen,IOL,unknown,2026-09-02 00:13:00+00:00,espn
2026,1,HOU,,Braden Smith,OT,unknown,2026-09-02 00:10:00+00:00,espn
2026,1,HOU,,Brevin Jordan,TE,questionable,2026-09-01 23:36:00+00:00,espn
2026,1,HOU,,Jadeveon Clowney,EDGE,questionable,2026-09-01 23:18:00+00:00,espn
2026,1,HOU,,Kyonte Hamilton,IDL,unknown,2026-09-01 01:14:00+00:00,espn
2026,1,HOU,,Solomon Byrd,EDGE,unknown,2026-09-01 01:08:00+00:00,espn
2026,1,HOU,,Ali Gaye,EDGE,unknown,2026-08-31 23:16:00+00:00,espn
2026,1,HOU,,Dominique Robinson,EDGE,questionable,2026-08-31 21:31:00+00:00,espn
2026,1,HOU,,M.J. Stewart,S,out,2026-08-31 17:06:00+00:00,espn
2026,1,HOU,,E.J. Speed,LB,out,2026-08-31 17:01:00+00:00,espn
2026,1,HOU,,Ja'Marcus Ingram,CB,unknown,2026-08-30 23:17:00+00:00,espn
2026,1,HOU,,Nate Thomas,OT,active,2026-08-30 22:19:00+00:00,espn
2026,1,HOU,,Ka'imi Fairbairn,PK,active,2026-08-29 06:51:00+00:00,espn
2026,1,HOU,,Dylan Horton,EDGE,unknown,2026-08-26 00:42:00+00:00,espn
2026,1,HOU,,Wade Woodaz,LB,questionable,2026-08-25 16:28:00+00:00,espn
2026,1,HOU,,British Brooks,RB,questionable,2026-08-24 23:53:00+00:00,espn
2026,1,HOU,,Kayshon Boutte,WR,active,2026-08-24 18:50:00+00:00,espn
2026,1,HOU,,George Odum,S,active,2026-08-23 22:35:00+00:00,espn
2026,1,HOU,,K.C. Ossai,LB,unknown,2026-08-22 16:30:00+00:00,espn
2026,1,IND,,Alec Pierce,WR,active,2026-09-03 18:49:00+00:00,espn
2026,1,IND,,Anthony Richardson Sr.,QB,active,2026-09-03 15:34:00+00:00,espn
2026,1,IND,,Jonathan Taylor,RB,active,2026-09-02 20:27:00+00:00,espn
2026,1,IND,,A.J. Haulcy,S,questionable,2026-09-01 23:18:00+00:00,espn
2026,1,IND,,Daniel Jones,QB,active,2026-09-01 16:32:00+00:00,espn
2026,1,IND,,Keenan Allen,WR,active,2026-09-01 15:30:00+00:00,espn
2026,1,IND,,Tyler Warren,TE,questionable,2026-09-01 14:26:00+00:00,espn
2026,1,IND,,Josh Downs,WR,questionable,2026-09-01 14:19:00+00:00,espn
2026,1,IND,,Coleman Owen,WR,unknown,2026-08-31 17:19:00+00:00,espn
2026,1,IND,,D.J. Montgomery,WR,unknown,2026-08-31 17:16:00+00:00,espn
2026,1,IND,,Will Mallory,TE,unknown,2026-08-31 17:12:00+00:00,espn
2026,1,IND,,Sedrick Van Pran-Granger,IOL,active,2026-08-30 22:31:00+00:00,espn
2026,1,IND,,Spencer Shrader,PK,active,2026-08-30 21:07:00+00:00,espn
2026,1,IND,,Seth McGowan,RB,active,2026-08-29 22:18:00+00:00,espn
2026,1,IND,,DJ Giddens,RB,active,2026-08-29 22:11:00+00:00,espn
2026,1,IND,,Riley Leonard,QB,active,2026-08-29 22:06:00+00:00,espn
2026,1,IND,,Rigoberto Sanchez,P,active,2026-08-28 00:39:00+00:00,espn
2026,1,IND,,Kenneth Harris,CB,active,2026-08-26 23:46:00+00:00,espn
2026,1,IND,,Ashton Dulin,WR,active,2026-08-26 19:18:00+00:00,espn
2026,1,IND,,Charvarius Ward,CB,questionable,2026-08-25 16:32:00+00:00,espn
2026,1,IND,,Carson Towt,TE,unknown,2026-08-19 12:07:00+00:00,espn
2026,1,IND,,Cam Taylor-Britt,CB,unknown,2026-08-19 12:07:00+00:00,espn
2026,1,IND,,Sean McKeon,TE,questionable,2026-08-19 12:07:00+00:00,espn
2026,1,IND,,Cameron Mitchell,CB,unknown,2026-08-19 12:07:00+00:00,espn
2026,1,IND,,CJ Allen,LB,active,2026-08-16 21:14:00+00:00,espn
2026,1,JAX,,Brenton Strange,TE,active,2026-09-04 03:51:00+00:00,espn
2026,1,JAX,,Chris Rodriguez Jr.,RB,active,2026-09-04 03:41:00+00:00,espn
2026,1,JAX,,Parker Washington,WR,active,2026-09-04 03:29:00+00:00,espn
2026,1,JAX,,Trevor Lawrence,QB,active,2026-09-03 16:44:00+00:00,espn
2026,1,JAX,,LeQuint Allen Jr.,RB,questionable,2026-09-02 15:14:00+00:00,espn
2026,1,JAX,,Bhayshul Tuten,RB,questionable,2026-09-02 15:07:00+00:00,espn
2026,1,JAX,,Brian Thomas Jr.,WR,active,2026-09-02 13:55:00+00:00,espn
2026,1,JAX,,Jakobi Meyers,WR,questionable,2026-09-02 13:41:00+00:00,espn
2026,1,JAX,,Keivie Rose,IDL,unknown,2026-09-01 01:16:00+00:00,espn
2026,1,JAX,,Carter Bradley,QB,unknown,2026-08-31 23:26:00+00:00,espn
2026,1,JAX,,Sam Mustipher,IOL,unknown,2026-08-31 23:25:00+00:00,espn
2026,1,JAX,,Patrick Mekari,IOL,unknown,2026-08-31 23:21:00+00:00,espn
2026,1,JAX,,Zach Durfee,EDGE,unknown,2026-08-30 23:11:00+00:00,espn
2026,1,JAX,,Quinn Ewers,QB,active,2026-08-29 20:45:00+00:00,espn
2026,1,JAX,,Cam Little,PK,active,2026-08-29 02:40:00+00:00,espn
2026,1,JAX,,Tanner Koziol,TE,active,2026-08-22 18:39:00+00:00,espn
2026,1,JAX,,Nate Boerkircher,TE,active,2026-08-22 18:35:00+00:00,espn
2026,1,JAX,,Travis Hunter,WR,active,2026-08-22 18:17:00+00:00,espn
2026,1,JAX,,Ameer Abdullah,RB,active,2026-08-22 03:48:00+00:00,espn
2026,1,JAX,,CJ Williams,WR,active,2026-08-22 03:41:00+00:00,espn
2026,1,JAX,,Josh Cameron,WR,active,2026-08-22 03:37:00+00:00,espn
2026,1,JAX,,Cole Van Lanen,OT,active,2026-08-21 01:35:00+00:00,espn
2026,1,JAX,,Daniel Faalele,IOL,active,2026-08-19 23:51:00+00:00,espn
2026,1,JAX,,Parker Hughes,LB,unknown,2026-08-19 12:07:00+00:00,espn
2026,1,JAX,,Wyatt Milum,IOL,questionable,2026-08-19 12:07:00+00:00,espn
2026,1,KC,,R Mason Thomas,EDGE,questionable,2026-09-04 01:39:00+00:00,espn
2026,1,KC,,Chris Jones,IDL,active,2026-09-03 23:45:00+00:00,espn
2026,1,KC,,Josh Simmons,OT,questionable,2026-09-03 00:27:00+00:00,espn
2026,1,KC,,Kenneth Walker III,RB,active,2026-09-02 16:56:00+00:00,espn
2026,1,KC,,Emmett Johnson,RB,active,2026-09-01 15:51:00+00:00,espn
2026,1,KC,,C.J. Hanson,IOL,unknown,2026-09-01 01:16:00+00:00,espn
2026,1,KC,,EJ Smith,RB,unknown,2026-08-31 23:43:00+00:00,espn
2026,1,KC,,Chris Oladokun,QB,unknown,2026-08-31 23:38:00+00:00,espn
2026,1,KC,,Omarr Norman-Lott,IDL,out,2026-08-31 17:45:00+00:00,espn
2026,1,KC,,Jimmy Holiday,WR,unknown,2026-08-31 17:40:00+00:00,espn
2026,1,KC,,Diego Pounds,OT,active,2026-08-30 04:29:00+00:00,espn
2026,1,KC,,Rashee Rice,WR,active,2026-08-29 23:36:00+00:00,espn
2026,1,KC,,Patrick Mahomes,QB,questionable,2026-08-29 17:08:00+00:00,espn
2026,1,KC,,Noah Gray,TE,active,2026-08-29 04:45:00+00:00,espn
2026,1,KC,,Tyquan Thornton,WR,active,2026-08-29 04:42:00+00:00,espn
2026,1,KC,,Garrett Nussmeier,QB,active,2026-08-29 04:05:00+00:00,espn
2026,1,KC,,Cyrus Allen,WR,active,2026-08-29 04:02:00+00:00,espn
2026,1,KC,,Xavier Worthy,WR,active,2026-08-29 03:32:00+00:00,espn
2026,1,KC,,Travis Kelce,TE,active,2026-08-29 03:28:00+00:00,espn
2026,1,KC,,Joshua Ezeudu,IOL,active,2026-08-26 01:04:00+00:00,espn
2026,1,KC,,Jeff Caldwell,WR,unknown,2026-08-25 23:12:00+00:00,espn
2026,1,KC,,Justin Fields,QB,active,2026-08-23 03:55:00+00:00,espn
2026,1,KC,,Alohi Gilman,S,questionable,2026-08-22 23:54:00+00:00,espn
2026,1,KC,,Matt Waletzko,OT,unknown,2026-08-22 00:32:00+00:00,espn
2026,1,KC,,Ashton Gillotte,EDGE,questionable,2026-08-21 01:43:00+00:00,espn
2026,1,LV,,Brock Bowers,TE,active,2026-09-03 00:00:00+00:00,espn
2026,1,LV,,Fernando Mendoza,QB,active,2026-09-02 16:48:00+00:00,espn
2026,1,LV,,Ashton Jeanty,RB,questionable,2026-09-02 16:45:00+00:00,espn
2026,1,LV,,Kirk Cousins,QB,active,2026-09-02 16:41:00+00:00,espn
2026,1,LV,,Darrell Luter Jr.,CB,active,2026-09-01 15:18:00+00:00,espn
2026,1,LV,,Chase Roberts,WR,unknown,2026-09-01 00:03:00+00:00,espn
2026,1,LV,,Dont'e Thornton Jr.,WR,unknown,2026-08-31 23:29:00+00:00,espn
2026,1,LV,,Carter Runyon,TE,unknown,2026-08-31 17:52:00+00:00,espn
2026,1,LV,,Keyron Crawford,EDGE,unknown,2026-08-31 00:50:00+00:00,espn
2026,1,LV,,Jack Bech,WR,active,2026-08-28 23:08:00+00:00,espn
2026,1,LV,,Matt Gay,PK,active,2026-08-28 04:38:00+00:00,espn
2026,1,LV,,Malik Benson,WR,active,2026-08-28 04:30:00+00:00,espn
2026,1,LV,,Michael Mayer,TE,active,2026-08-28 04:27:00+00:00,espn
2026,1,LV,,Jalen Nailor,WR,active,2026-08-28 03:54:00+00:00,espn
2026,1,LV,,Tre Tucker,WR,active,2026-08-28 03:46:00+00:00,espn
2026,1,LV,,Mike Washington Jr.,RB,active,2026-08-28 03:31:00+00:00,espn
2026,1,LV,,Chigozie Anusiem,CB,unknown,2026-08-22 20:31:00+00:00,espn
2026,1,LV,,Justin Pickett,IOL,unknown,2026-08-19 12:07:00+00:00,espn
2026,1,LV,,Brennan Jackson,LB,unknown,2026-08-19 12:07:00+00:00,espn
2026,1,LV,,Jermod McCoy,CB,active,2026-08-19 12:07:00+00:00,espn
2026,1,LV,,Folorunso Fatukasi,IDL,active,2026-08-15 18:43:00+00:00,espn
2026,1,LV,,Caleb Rogers,IOL,active,2026-08-12 01:07:00+00:00,espn
2026,1,LV,,Chris Collier,RB,unknown,2026-08-02 23:52:00+00:00,espn
2026,1,LV,,Adam Butler,IDL,active,2026-07-28 18:45:00+00:00,espn
2026,1,LV,,Maxx Crosby,EDGE,active,2026-07-28 18:41:00+00:00,espn
2026,1,LAC,,Keaton Mitchell,RB,questionable,2026-09-03 18:56:00+00:00,espn
2026,1,LAC,,Denzel Perryman,LB,unknown,2026-09-01 23:48:00+00:00,espn
2026,1,LAC,,Kyle Kennard,LB,unknown,2026-09-01 02:56:00+00:00,espn
2026,1,LAC,,Dalevon Campbell,WR,unknown,2026-09-01 02:29:00+00:00,espn
2026,1,LAC,,Isaiah World,OT,out,2026-08-31 23:24:00+00:00,espn
2026,1,LAC,,Scott Matlock,RB,unknown,2026-08-31 17:56:00+00:00,espn
2026,1,LAC,,Tony Jefferson,S,active,2026-08-31 01:46:00+00:00,espn
2026,1,LAC,,Branson Taylor,IOL,unknown,2026-08-30 22:49:00+00:00,espn
2026,1,LAC,,Trey Lance,QB,active,2026-08-30 22:06:00+00:00,espn
2026,1,LAC,,KeAndre Lambert-Smith,WR,active,2026-08-28 23:50:00+00:00,espn
2026,1,LAC,,Tre' Harris,WR,questionable,2026-08-28 23:40:00+00:00,espn
2026,1,LAC,,Kimani Vidal,RB,active,2026-08-28 23:38:00+00:00,espn
2026,1,LAC,,Ladd McConkey,WR,active,2026-08-28 23:36:00+00:00,espn
2026,1,LAC,,David Njoku,TE,active,2026-08-28 23:28:00+00:00,espn
2026,1,LAC,,Oronde Gadsden,TE,active,2026-08-28 23:18:00+00:00,espn
2026,1,LAC,,Charlie Kolar,TE,active,2026-08-28 23:15:00+00:00,espn
2026,1,LAC,,Omarion Hampton,RB,active,2026-08-28 23:06:00+00:00,espn
2026,1,LAC,,Cameron Dicker,PK,questionable,2026-08-28 06:15:00+00:00,espn
2026,1,LAC,,Quentin Johnston,WR,active,2026-08-28 05:59:00+00:00,espn
2026,1,LAC,,Justin Herbert,QB,active,2026-08-28 05:47:00+00:00,espn
2026,1,LAC,,Jake Slaughter,IOL,active,2026-08-23 19:02:00+00:00,espn
2026,1,LAC,,Brenen Thompson,WR,questionable,2026-08-23 18:46:00+00:00,espn
2026,1,LAC,,Tyler Biadasz,IOL,unknown,2026-08-23 16:55:00+00:00,espn
2026,1,LAC,,Rashawn Slater,OT,questionable,2026-08-22 16:20:00+00:00,espn
2026,1,LAC,,Junior Colson,LB,active,2026-08-19 12:07:00+00:00,espn
2026,1,LA,,Davante Adams,WR,active,2026-09-03 01:04:00+00:00,espn
2026,1,LA,,Blake Corum,RB,active,2026-09-02 13:37:00+00:00,espn
2026,1,LA,,Aaron Donald,IDL,active,2026-09-01 20:44:00+00:00,espn
2026,1,LA,,Kyren Williams,RB,active,2026-09-01 17:15:00+00:00,espn
2026,1,LA,,Matthew Stafford,QB,active,2026-09-01 17:03:00+00:00,espn
2026,1,LA,,Alex Johnson,CB,unknown,2026-09-01 02:23:00+00:00,espn
2026,1,LA,,Myles Garrett,EDGE,questionable,2026-09-01 01:09:00+00:00,espn
2026,1,LA,,Puka Nacua,WR,questionable,2026-08-31 23:52:00+00:00,espn
2026,1,LA,,Justin Dedich,IOL,unknown,2026-08-31 23:42:00+00:00,espn
2026,1,LA,,Keagen Trost,OT,unknown,2026-08-31 23:31:00+00:00,espn
2026,1,LA,,Matthew Caldwell,QB,unknown,2026-08-29 22:20:00+00:00,espn
2026,1,LA,,CJ Daniels,WR,active,2026-08-28 23:32:00+00:00,espn
2026,1,LA,,Stetson Bennett IV,QB,active,2026-08-28 06:23:00+00:00,espn
2026,1,LA,,Harrison Mevis,PK,active,2026-08-28 06:18:00+00:00,espn
2026,1,LA,,Max Klare,TE,active,2026-08-28 06:04:00+00:00,espn
2026,1,LA,,Ty Simpson,QB,active,2026-08-28 05:54:00+00:00,espn
2026,1,LA,,Daniel Rickert,EDGE,unknown,2026-08-26 00:54:00+00:00,espn
2026,1,LA,,Terrance Ferguson,TE,questionable,2026-08-25 19:13:00+00:00,espn
2026,1,LA,,Zech McPhearson,CB,unknown,2026-08-25 01:24:00+00:00,espn
2026,1,LA,,Keir Thomas II,LB,unknown,2026-08-25 01:13:00+00:00,espn
2026,1,LA,,Davis Allen,TE,questionable,2026-08-24 23:23:00+00:00,espn
2026,1,LA,,Colby Parkinson,TE,active,2026-08-24 15:54:00+00:00,espn
2026,1,LA,,Alaric Jackson,OT,questionable,2026-07-30 23:15:00+00:00,espn
2026,1,LA,,Jordan Whittington,WR,active,2026-07-30 17:57:00+00:00,espn
2026,1,LA,,Blake Hance,IOL,active,2026-07-29 00:33:00+00:00,espn
2026,1,MIA,,Jaylen Wright,RB,active,2026-09-04 15:26:00+00:00,espn
2026,1,MIA,,Caleb Douglas,WR,active,2026-09-04 15:23:00+00:00,espn
2026,1,MIA,,De'Von Achane,RB,active,2026-09-03 19:39:00+00:00,espn
2026,1,MIA,,Greg Dulcich,TE,active,2026-09-03 00:19:00+00:00,espn
2026,1,MIA,,Ollie Gordon II,RB,questionable,2026-09-02 16:06:00+00:00,espn
2026,1,MIA,,Ben Sims,TE,unknown,2026-09-01 23:44:00+00:00,espn
2026,1,MIA,,Chris Bell,WR,active,2026-09-01 22:17:00+00:00,espn
2026,1,MIA,,Kyle McCord,QB,active,2026-09-01 15:31:00+00:00,espn
2026,1,MIA,,Chukwuebuka Godrick,OT,active,2026-09-01 00:47:00+00:00,espn
2026,1,MIA,,Reese Taylor,CB,active,2026-09-01 00:45:00+00:00,espn
2026,1,MIA,,Justin Joly,TE,active,2026-08-31 22:06:00+00:00,espn
2026,1,MIA,,Brady Cook,QB,active,2026-08-31 21:51:00+00:00,espn
2026,1,MIA,,Storm Duck,CB,out,2026-08-31 18:22:00+00:00,espn
2026,1,MIA,,Trey Moore,LB,unknown,2026-08-31 18:17:00+00:00,espn
2026,1,MIA,,Darrell Baker Jr.,CB,out,2026-08-31 18:10:00+00:00,espn
2026,1,MIA,,Kenneth Grant,IDL,unknown,2026-08-31 18:05:00+00:00,espn
2026,1,MIA,,Seydou Traore,TE,active,2026-08-29 21:03:00+00:00,espn
2026,1,MIA,,Will Kacmarek,TE,questionable,2026-08-29 17:11:00+00:00,espn
2026,1,MIA,,Jalen Tolbert,WR,active,2026-08-29 02:55:00+00:00,espn
2026,1,MIA,,Jacob Rodriguez,LB,questionable,2026-08-29 02:34:00+00:00,espn
2026,1,MIA,,Cole Turner,TE,unknown,2026-08-27 23:35:00+00:00,espn
2026,1,MIA,,Jordyn Brooks,LB,active,2026-08-26 22:17:00+00:00,espn
2026,1,MIA,,JuJu Brents,CB,active,2026-08-26 00:32:00+00:00,espn
2026,1,MIA,,Ryan Miller,WR,active,2026-08-25 22:54:00+00:00,espn
2026,1,MIA,,Ronnie Harrison Jr.,LB,questionable,2026-08-23 18:55:00+00:00,espn
2026,1,MIN,,Kyler Murray,QB,active,2026-09-03 15:58:00+00:00,espn
2026,1,MIN,,Jauan Jennings,WR,active,2026-09-03 15:15:00+00:00,espn
2026,1,MIN,,T.J. Hockenson,TE,active,2026-09-03 14:55:00+00:00,espn
2026,1,MIN,,Jordan Addison,WR,active,2026-09-03 14:23:00+00:00,espn
2026,1,MIN,,Jordan Mason,RB,active,2026-09-03 00:53:00+00:00,espn
2026,1,MIN,,Aaron Jones Sr.,RB,active,2026-09-03 00:48:00+00:00,espn
2026,1,MIN,,Justin Jefferson,WR,active,2026-09-02 18:12:00+00:00,espn
2026,1,MIN,,J.J. McCarthy,QB,active,2026-09-02 18:09:00+00:00,espn
2026,1,MIN,,Jacob Roberts,LB,unknown,2026-09-01 03:32:00+00:00,espn
2026,1,MIN,,Kenny Dyson Jr.,LB,unknown,2026-09-01 03:28:00+00:00,espn
2026,1,MIN,,Marcus Allen,CB,unknown,2026-09-01 03:23:00+00:00,espn
2026,1,MIN,,Jermar Jefferson,RB,unknown,2026-09-01 02:45:00+00:00,espn
2026,1,MIN,,Michael Jurgens,IOL,unknown,2026-08-31 23:36:00+00:00,espn
2026,1,MIN,,Brett Thorson,P,active,2026-08-30 23:01:00+00:00,espn
2026,1,MIN,,Tyler Batty,LB,unknown,2026-08-30 22:59:00+00:00,espn
2026,1,MIN,,Jacob Thomas,S,questionable,2026-08-29 15:21:00+00:00,espn
2026,1,MIN,,Will Reichard,PK,active,2026-08-29 05:07:00+00:00,espn
2026,1,MIN,,Demond Claiborne,RB,active,2026-08-29 05:04:00+00:00,espn
2026,1,MIN,,Carson Wentz,QB,active,2026-08-29 04:58:00+00:00,espn
2026,1,MIN,,Jeshaun Jones,WR,unknown,2026-08-26 01:45:00+00:00,espn
2026,1,MIN,,Caleb Tiernan,OT,questionable,2026-08-19 12:07:00+00:00,espn
2026,1,MIN,,Jakobe Thomas,S,questionable,2026-08-19 12:07:00+00:00,espn
2026,1,MIN,,Jamal Adams,LB,unknown,2026-08-19 12:07:00+00:00,espn
2026,1,MIN,,Gavin Bartholomew,TE,active,2026-08-19 12:07:00+00:00,espn
2026,1,MIN,,Joshua Metellus,S,active,2026-08-19 12:07:00+00:00,espn
2026,1,NE,,TreVeyon Henderson,RB,questionable,2026-09-03 19:02:00+00:00,espn
2026,1,NE,,Mack Hollins,WR,active,2026-09-02 23:23:00+00:00,espn
2026,1,NE,,Hunter Henry,TE,active,2026-09-01 16:22:00+00:00,espn
2026,1,NE,,Bryce Baringer,P,unknown,2026-09-01 04:27:00+00:00,espn
2026,1,NE,,Khalil Jacobs,LB,unknown,2026-09-01 04:23:00+00:00,espn
2026,1,NE,,Isaiah Iton,IDL,unknown,2026-09-01 03:47:00+00:00,espn
2026,1,NE,,Darius Muasau,LB,active,2026-09-01 03:35:00+00:00,espn
2026,1,NE,,Cameron Latu,TE,active,2026-09-01 03:29:00+00:00,espn
2026,1,NE,,Marcus Bryant,OT,unknown,2026-08-31 23:41:00+00:00,espn
2026,1,NE,,Harold Landry III,LB,out,2026-08-31 18:30:00+00:00,espn
2026,1,NE,,Walter Rouse,IOL,active,2026-08-30 23:00:00+00:00,espn
2026,1,NE,,Brenden Schooler,S,out,2026-08-30 22:51:00+00:00,espn
2026,1,NE,,Corey Kiner,RB,active,2026-08-29 17:34:00+00:00,espn
2026,1,NE,,Romeo Doubs,WR,active,2026-08-29 01:23:00+00:00,espn
2026,1,NE,,Rhamondre Stevenson,RB,active,2026-08-29 00:52:00+00:00,espn
2026,1,NE,,Drake Maye,QB,active,2026-08-29 00:40:00+00:00,espn
2026,1,NE,,Behren Morton,QB,active,2026-08-28 04:25:00+00:00,espn
2026,1,NE,,Kyle Williams,WR,active,2026-08-28 03:13:00+00:00,espn
2026,1,NE,,A.J. Brown,WR,active,2026-08-27 23:49:00+00:00,espn
2026,1,NE,,Jaylen Reed,S,active,2026-08-24 23:10:00+00:00,espn
2026,1,NE,,Christian Gonzalez,CB,active,2026-08-24 16:46:00+00:00,espn
2026,1,NE,,Andy Borregales,PK,active,2026-08-23 03:33:00+00:00,espn
2026,1,NE,,Myles Montgomery,RB,unknown,2026-08-19 12:07:00+00:00,espn
2026,1,NE,,Carlton Davis III,CB,active,2026-08-19 12:07:00+00:00,espn
2026,1,NE,,Quintayvious Hutchins,LB,active,2026-08-19 12:07:00+00:00,espn
2026,1,NO,,Alvin Kamara,RB,questionable,2026-09-03 18:38:00+00:00,espn
2026,1,NO,,Juwan Johnson,TE,active,2026-09-03 15:36:00+00:00,espn
2026,1,NO,,Travis Etienne Jr.,RB,active,2026-09-03 14:02:00+00:00,espn
2026,1,NO,,Tyler Shough,QB,active,2026-09-03 13:45:00+00:00,espn
2026,1,NO,,Kendre Miller,RB,questionable,2026-09-02 02:58:00+00:00,espn
2026,1,NO,,Lorenzo Styles Jr.,S,unknown,2026-09-01 23:53:00+00:00,espn
2026,1,NO,,Jaylan Ford,LB,unknown,2026-08-31 23:48:00+00:00,espn
2026,1,NO,,David Long Jr.,CB,unknown,2026-08-31 23:41:00+00:00,espn
2026,1,NO,,Colby Wooden,IDL,active,2026-08-31 22:28:00+00:00,espn
2026,1,NO,,Mason Tipton,WR,out,2026-08-31 18:40:00+00:00,espn
2026,1,NO,,Jordyn Tyson,WR,unknown,2026-08-30 22:30:00+00:00,espn
2026,1,NO,,Daniel Carlson,PK,active,2026-08-30 18:35:00+00:00,espn
2026,1,NO,,Spencer Rattler,QB,active,2026-08-30 00:37:00+00:00,espn
2026,1,NO,,Barion Brown,WR,active,2026-08-29 04:51:00+00:00,espn
2026,1,NO,,Bryce Lance,WR,active,2026-08-29 04:47:00+00:00,espn
2026,1,NO,,Audric Estime,RB,active,2026-08-29 04:38:00+00:00,espn
2026,1,NO,,Zach Wilson,QB,active,2026-08-29 04:11:00+00:00,espn
2026,1,NO,,Chris Olave,WR,active,2026-08-27 00:10:00+00:00,espn
2026,1,NO,,Christen Miller,IDL,active,2026-08-26 00:00:00+00:00,espn
2026,1,NO,,Moliki Matavao,TE,unknown,2026-08-25 22:41:00+00:00,espn
2026,1,NO,,Ty Chandler,RB,unknown,2026-08-25 22:39:00+00:00,espn
2026,1,NO,,Rejzohn Wright,CB,unknown,2026-08-24 23:26:00+00:00,espn
2026,1,NO,,Oscar Delp,TE,questionable,2026-08-24 23:26:00+00:00,espn
2026,1,NO,,John Ridgeway III,IDL,questionable,2026-08-21 00:30:00+00:00,espn
2026,1,NO,,Pete Werner,LB,questionable,2026-08-19 12:07:00+00:00,espn
2026,1,NYG,,Cam Skattebo,RB,active,2026-09-03 17:39:00+00:00,espn
2026,1,NYG,,Isaiah Likely,TE,active,2026-09-03 14:20:00+00:00,espn
2026,1,NYG,,Malik Nabers,WR,questionable,2026-09-02 19:14:00+00:00,espn
2026,1,NYG,,Tyrone Tracy Jr.,RB,questionable,2026-09-01 19:54:00+00:00,espn
2026,1,NYG,,Korie Black,CB,unknown,2026-08-31 23:50:00+00:00,espn
2026,1,NYG,,Theo Johnson,TE,questionable,2026-08-31 19:45:00+00:00,espn
2026,1,NYG,,Darius Slayton,WR,active,2026-08-30 22:47:00+00:00,espn
2026,1,NYG,,Odell Beckham Jr.,WR,active,2026-08-30 20:59:00+00:00,espn
2026,1,NYG,,CJ Okoye,IDL,active,2026-08-29 15:30:00+00:00,espn
2026,1,NYG,,Najee Harris,RB,active,2026-08-29 03:04:00+00:00,espn
2026,1,NYG,,Dominic Zvada,PK,active,2026-08-29 03:02:00+00:00,espn
2026,1,NYG,,Devin Singletary,RB,active,2026-08-28 23:23:00+00:00,espn
2026,1,NYG,,Calvin Austin III,WR,unknown,2026-08-27 22:48:00+00:00,espn
2026,1,NYG,,Malachi Fields,WR,active,2026-08-26 13:36:00+00:00,espn
2026,1,NYG,,Darnell Mooney,WR,active,2026-08-26 13:15:00+00:00,espn
2026,1,NYG,,Colton Hood,CB,questionable,2026-08-25 00:10:00+00:00,espn
2026,1,NYG,,Jaxson Dart,QB,active,2026-08-22 23:09:00+00:00,espn
2026,1,NYG,,Francis Mauigoa,OT,questionable,2026-08-21 02:03:00+00:00,espn
2026,1,NYG,,Greg Newsome II,CB,questionable,2026-08-19 12:07:00+00:00,espn
2026,1,NYG,,Dru Phillips,CB,questionable,2026-08-19 12:07:00+00:00,espn
2026,1,NYG,,Roy Robertson-Harris,IDL,unknown,2026-08-19 12:07:00+00:00,espn
2026,1,NYG,,John Michael Schmitz Jr.,IOL,questionable,2026-08-19 12:07:00+00:00,espn
2026,1,NYG,,Paulson Adebo,CB,questionable,2026-08-19 12:07:00+00:00,espn
2026,1,NYG,,Jarrick Bernard-Converse,CB,unknown,2026-08-19 12:07:00+00:00,espn
2026,1,NYG,,Jevon Holland,S,active,2026-08-19 12:07:00+00:00,espn
2026,1,NYJ,,Mason Taylor,TE,active,2026-09-04 15:44:00+00:00,espn
2026,1,NYJ,,Adonai Mitchell,WR,active,2026-09-04 15:39:00+00:00,espn
2026,1,NYJ,,Omar Cooper Jr.,WR,active,2026-09-04 02:48:00+00:00,espn
2026,1,NYJ,,Geno Smith,QB,active,2026-09-04 00:45:00+00:00,espn
2026,1,NYJ,,Breece Hall,RB,questionable,2026-09-03 20:06:00+00:00,espn
2026,1,NYJ,,Garrett Wilson,WR,active,2026-09-03 17:28:00+00:00,espn
2026,1,NYJ,,Isaiah Davis,RB,questionable,2026-09-02 23:36:00+00:00,espn
2026,1,NYJ,,Tre Brown,CB,unknown,2026-08-31 23:57:00+00:00,espn
2026,1,NYJ,,Tyler Baron,EDGE,out,2026-08-31 23:53:00+00:00,espn
2026,1,NYJ,,Trevin Wallace,LB,active,2026-08-31 22:38:00+00:00,espn
2026,1,NYJ,,D'Angelo Ponds,CB,questionable,2026-08-31 21:46:00+00:00,espn
2026,1,NYJ,,Joseph Ossai,EDGE,questionable,2026-08-31 21:42:00+00:00,espn
2026,1,NYJ,,Blake Grupe,PK,active,2026-08-31 21:02:00+00:00,espn
2026,1,NYJ,,Kenyon Sadiq,TE,questionable,2026-08-31 18:56:00+00:00,espn
2026,1,NYJ,,Cade Klubnik,QB,active,2026-08-31 18:45:00+00:00,espn
2026,1,NYJ,,Chip Trayanum,RB,unknown,2026-08-31 18:44:00+00:00,espn
2026,1,NYJ,,VJ Payne,S,unknown,2026-08-31 01:43:00+00:00,espn
2026,1,NYJ,,Anez Cooper,IOL,unknown,2026-08-31 01:38:00+00:00,espn
2026,1,NYJ,,Jordan Meredith,IOL,active,2026-08-30 22:36:00+00:00,espn
2026,1,NYJ,,Braelon Allen,RB,active,2026-08-22 03:01:00+00:00,espn
2026,1,NYJ,,Kingsley Jonathan,EDGE,unknown,2026-08-20 00:23:00+00:00,espn
2026,1,NYJ,,Qwan'tez Stiggers,CB,questionable,2026-08-19 23:56:00+00:00,espn
2026,1,NYJ,,Nahshon Wright,CB,questionable,2026-08-19 12:07:00+00:00,espn
2026,1,NYJ,,Kiko Mauigoa,LB,active,2026-08-19 12:07:00+00:00,espn
2026,1,NYJ,,T'Vondre Sweat,IDL,active,2026-08-19 12:07:00+00:00,espn
2026,1,PHI,,Tank Bigsby,RB,active,2026-09-03 15:43:00+00:00,espn
2026,1,PHI,,Dallas Goedert,TE,active,2026-09-03 15:22:00+00:00,espn
2026,1,PHI,,Saquon Barkley,RB,active,2026-09-02 23:56:00+00:00,espn
2026,1,PHI,,Jalen Hurts,QB,active,2026-09-01 16:26:00+00:00,espn
2026,1,PHI,,Andre' Sam,S,unknown,2026-09-01 03:46:00+00:00,espn
2026,1,PHI,,Jakorian Bennett,CB,unknown,2026-08-31 23:57:00+00:00,espn
2026,1,PHI,,Grant Calcaterra,TE,unknown,2026-08-31 18:50:00+00:00,espn
2026,1,PHI,,Elijah Moore,WR,active,2026-08-30 03:09:00+00:00,espn
2026,1,PHI,,Andy Dalton,QB,active,2026-08-29 03:56:00+00:00,espn
2026,1,PHI,,Tanner McKee,QB,active,2026-08-29 03:52:00+00:00,espn
2026,1,PHI,,Makai Lemon,WR,active,2026-08-29 03:23:00+00:00,espn
2026,1,PHI,,Eli Stowers,TE,questionable,2026-08-26 19:23:00+00:00,espn
2026,1,PHI,,Markel Bell,OT,questionable,2026-08-25 01:22:00+00:00,espn
2026,1,PHI,,Dontayvion Wicks,WR,active,2026-08-24 18:09:00+00:00,espn
2026,1,PHI,,DeVonta Smith,WR,active,2026-08-24 16:57:00+00:00,espn
2026,1,PHI,,Jake Elliott,PK,active,2026-08-23 03:28:00+00:00,espn
2026,1,PHI,,Johnny Wilson,WR,unknown,2026-08-22 21:59:00+00:00,espn
2026,1,PHI,,Byron Young,IDL,questionable,2026-08-20 00:04:00+00:00,espn
2026,1,PHI,,Quinyon Mitchell,CB,active,2026-08-19 23:01:00+00:00,espn
2026,1,PHI,,Jonathan Greenard,LB,out,2026-08-19 22:21:00+00:00,espn
2026,1,PHI,,Jonathan Jones,CB,questionable,2026-08-19 12:07:00+00:00,espn
2026,1,PHI,,Micah Morris,IOL,questionable,2026-08-19 12:07:00+00:00,espn
2026,1,PHI,,Cooper DeJean,CB,questionable,2026-08-19 12:07:00+00:00,espn
2026,1,PHI,,Cole Payton,QB,active,2026-08-16 03:18:00+00:00,espn
2026,1,PHI,,Hollywood Brown,WR,active,2026-08-16 02:43:00+00:00,espn
2026,1,PIT,,Pat Freiermuth,TE,active,2026-09-04 04:19:00+00:00,espn
2026,1,PIT,,Aaron Rodgers,QB,active,2026-09-04 04:06:00+00:00,espn
2026,1,PIT,,Will Howard,QB,active,2026-09-03 23:43:00+00:00,espn
2026,1,PIT,,Rico Dowdle,RB,active,2026-09-03 18:19:00+00:00,espn
2026,1,PIT,,Jaylen Warren,RB,active,2026-09-03 18:12:00+00:00,espn
2026,1,PIT,,Darnell Washington,TE,active,2026-09-02 23:09:00+00:00,espn
2026,1,PIT,,Jack Driscoll,OT,unknown,2026-09-01 00:04:00+00:00,espn
2026,1,PIT,,Donte Kent,CB,out,2026-09-01 00:02:00+00:00,espn
2026,1,PIT,,Ben Skowronek,WR,questionable,2026-08-31 22:18:00+00:00,espn
2026,1,PIT,,Michael Pittman Jr.,WR,questionable,2026-08-31 19:17:00+00:00,espn
2026,1,PIT,,DK Metcalf,WR,questionable,2026-08-31 19:13:00+00:00,espn
2026,1,PIT,,DeShon Elliott,S,unknown,2026-08-31 18:59:00+00:00,espn
2026,1,PIT,,Joey Porter Jr.,CB,active,2026-08-30 22:46:00+00:00,espn
2026,1,PIT,,Riley Nowakowski,RB,active,2026-08-28 06:56:00+00:00,espn
2026,1,PIT,,Kaden Wetjen,WR,active,2026-08-28 06:49:00+00:00,espn
2026,1,PIT,,Eli Heidenreich,RB,active,2026-08-28 06:42:00+00:00,espn
2026,1,PIT,,Germie Bernard,WR,active,2026-08-28 06:28:00+00:00,espn
2026,1,PIT,,Drew Allar,QB,active,2026-08-28 06:21:00+00:00,espn
2026,1,PIT,,Mason Rudolph,QB,active,2026-08-28 04:08:00+00:00,espn
2026,1,PIT,,Max Iheanachor,OT,active,2026-08-25 00:57:00+00:00,espn
2026,1,PIT,,Jalen Ramsey,CB,questionable,2026-08-24 14:41:00+00:00,espn
2026,1,PIT,,Roman Wilson,WR,active,2026-08-22 17:48:00+00:00,espn
2026,1,PIT,,Chris Boswell,PK,active,2026-08-22 17:36:00+00:00,espn
2026,1,PIT,,Logan Lee,IDL,unknown,2026-08-19 12:07:00+00:00,espn
2026,1,PIT,,Jaquan Brisker,S,questionable,2026-08-19 12:07:00+00:00,espn
2026,1,SF,,Sam Okuayinonu,IDL,out,2026-09-03 23:48:00+00:00,espn
2026,1,SF,,Kyle Juszczyk,RB,questionable,2026-09-02 23:41:00+00:00,espn
2026,1,SF,,Nick Bosa,EDGE,questionable,2026-09-02 23:25:00+00:00,espn
2026,1,SF,,Mike Evans,WR,questionable,2026-09-02 18:54:00+00:00,espn
2026,1,SF,,George Kittle,TE,questionable,2026-09-02 12:52:00+00:00,espn
2026,1,SF,,Nick Martin,LB,unknown,2026-09-02 00:08:00+00:00,espn
2026,1,SF,,Nate Hobbs,CB,unknown,2026-09-01 23:49:00+00:00,espn
2026,1,SF,,Brayden Willis,TE,questionable,2026-09-01 23:27:00+00:00,espn
2026,1,SF,,Christian McCaffrey,RB,questionable,2026-09-01 19:59:00+00:00,espn
2026,1,SF,,Nick Zakelj,OT,unknown,2026-09-01 00:10:00+00:00,espn
2026,1,SF,,Brett Toth,IOL,unknown,2026-09-01 00:06:00+00:00,espn
2026,1,SF,,Austen Pleasants,OT,unknown,2026-09-01 00:01:00+00:00,espn
2026,1,SF,,Mykel Williams,EDGE,out,2026-08-31 19:42:00+00:00,espn
2026,1,SF,,Christian Kirk,WR,unknown,2026-08-31 03:27:00+00:00,espn
2026,1,SF,,Jarrett Patterson,IOL,active,2026-08-30 22:31:00+00:00,espn
2026,1,SF,,Isaac Guerendo,RB,out,2026-08-30 21:10:00+00:00,espn
2026,1,SF,,Deebo Samuel Sr.,WR,active,2026-08-29 01:18:00+00:00,espn
2026,1,SF,,Brock Purdy,QB,active,2026-08-29 01:07:00+00:00,espn
2026,1,SF,,Mac Jones,QB,active,2026-08-28 23:12:00+00:00,espn
2026,1,SF,,Eddy Pineiro,PK,active,2026-08-28 22:08:00+00:00,espn
2026,1,SF,,Jordan Watkins,WR,active,2026-08-28 22:04:00+00:00,espn
2026,1,SF,,Jordan James,RB,active,2026-08-28 04:03:00+00:00,espn
2026,1,SF,,Kaelon Black,RB,active,2026-08-28 03:40:00+00:00,espn
2026,1,SF,,Ephesians Prysock,CB,questionable,2026-08-28 00:55:00+00:00,espn
2026,1,SF,,De'Zhaun Stribling,WR,questionable,2026-08-27 23:37:00+00:00,espn
2026,1,SEA,,Montorie Foster Jr.,WR,active,2026-09-03 19:08:00+00:00,espn
2026,1,SEA,,Rashid Shaheed,WR,active,2026-09-03 15:28:00+00:00,espn
2026,1,SEA,,AJ Barner,TE,active,2026-09-03 15:23:00+00:00,espn
2026,1,SEA,,George Holani,RB,active,2026-09-03 15:06:00+00:00,espn
2026,1,SEA,,Sam Darnold,QB,active,2026-09-02 23:57:00+00:00,espn
2026,1,SEA,,Jaxon Smith-Njigba,WR,active,2026-09-02 14:31:00+00:00,espn
2026,1,SEA,,Aaron Smith,LB,unknown,2026-09-01 03:53:00+00:00,espn
2026,1,SEA,,Power Echols,LB,unknown,2026-09-01 03:49:00+00:00,espn
2026,1,SEA,,Irv Charles,WR,unknown,2026-08-31 21:39:00+00:00,espn
2026,1,SEA,,Zach Charbonnet,RB,out,2026-08-30 23:06:00+00:00,espn
2026,1,SEA,,Avery Smith,CB,active,2026-08-30 22:41:00+00:00,espn
2026,1,SEA,,Jason Myers,PK,active,2026-08-30 15:21:00+00:00,espn
2026,1,SEA,,Jalen Milroe,QB,active,2026-08-30 02:26:00+00:00,espn
2026,1,SEA,,Terrion Arnold,CB,out,2026-08-29 20:22:00+00:00,espn
2026,1,SEA,,Elijah Arroyo,TE,active,2026-08-29 04:55:00+00:00,espn
2026,1,SEA,,Tory Horton,WR,questionable,2026-08-27 23:27:00+00:00,espn
2026,1,SEA,,Jadarian Price,RB,active,2026-08-27 18:48:00+00:00,espn
2026,1,SEA,,Leonard Williams,IDL,active,2026-08-27 14:59:00+00:00,espn
2026,1,SEA,,Mason Richman,IOL,unknown,2026-08-26 00:13:00+00:00,espn
2026,1,SEA,,Bud Clark,S,unknown,2026-08-26 00:06:00+00:00,espn
2026,1,SEA,,Drew Lock,QB,active,2026-08-24 04:39:00+00:00,espn
2026,1,SEA,,Jake Bobo,WR,unknown,2026-08-22 17:45:00+00:00,espn
2026,1,SEA,,Emanuel Wilson,RB,questionable,2026-08-19 12:07:00+00:00,espn
2026,1,SEA,,Robbie Ouzts,RB,unknown,2026-08-19 12:07:00+00:00,espn
2026,1,SEA,,Nick Emmanwori,S,questionable,2026-08-19 12:07:00+00:00,espn
2026,1,TB,,Chase McLaughlin,PK,active,2026-09-04 04:28:00+00:00,espn
2026,1,TB,,Kenny Gainwell,RB,active,2026-09-03 18:45:00+00:00,espn
2026,1,TB,,Bucky Irving,RB,active,2026-09-03 18:40:00+00:00,espn
2026,1,TB,,Chris Godwin Jr.,WR,active,2026-09-03 00:29:00+00:00,espn
2026,1,TB,,Sean Tucker,RB,questionable,2026-09-02 16:28:00+00:00,espn
2026,1,TB,,Emeka Egbuka,WR,questionable,2026-09-02 15:21:00+00:00,espn
2026,1,TB,,Billy Schrauth,IOL,active,2026-09-01 23:59:00+00:00,espn
2026,1,TB,,Keionte Scott,CB,active,2026-09-01 23:54:00+00:00,espn
2026,1,TB,,Jalen McMillan,WR,questionable,2026-09-01 16:08:00+00:00,espn
2026,1,TB,,Xavier Williams,S,unknown,2026-09-01 03:59:00+00:00,espn
2026,1,TB,,Mohamed Kamara,LB,unknown,2026-09-01 03:50:00+00:00,espn
2026,1,TB,,Josh Hayes,CB,unknown,2026-09-01 00:16:00+00:00,espn
2026,1,TB,,David Sills V,WR,unknown,2026-08-31 21:46:00+00:00,espn
2026,1,TB,,Jalon Daniels,QB,active,2026-08-30 14:20:00+00:00,espn
2026,1,TB,,Tez Johnson,WR,active,2026-08-29 03:01:00+00:00,espn
2026,1,TB,,Rueben Bain Jr.,LB,questionable,2026-08-26 13:26:00+00:00,espn
2026,1,TB,,Deshawn McKnight,IDL,unknown,2026-08-25 23:41:00+00:00,espn
2026,1,TB,,Cade Otton,TE,active,2026-08-25 15:47:00+00:00,espn
2026,1,TB,,Tristan Wirfs,OT,active,2026-08-25 15:13:00+00:00,espn
2026,1,TB,,Ted Hurst III,WR,active,2026-08-23 04:15:00+00:00,espn
2026,1,TB,,Baker Mayfield,QB,active,2026-08-23 03:06:00+00:00,espn
2026,1,TB,,Zyon McCollum,CB,active,2026-08-20 23:58:00+00:00,espn
2026,1,TB,,Vita Vea,IDL,active,2026-08-19 22:53:00+00:00,espn
2026,1,TB,,JJ Roberts,S,active,2026-08-19 12:07:00+00:00,espn
2026,1,TB,,David Walker,LB,active,2026-08-04 00:10:00+00:00,espn
2026,1,TEN,,Tyjae Spears,RB,active,2026-09-03 18:58:00+00:00,espn
2026,1,TEN,,Tony Pollard,RB,active,2026-09-03 18:54:00+00:00,espn
2026,1,TEN,,Calvin Ridley,WR,active,2026-09-03 15:42:00+00:00,espn
2026,1,TEN,,Gunnar Helm,TE,active,2026-09-02 22:56:00+00:00,espn
2026,1,TEN,,Carnell Tate,WR,questionable,2026-09-01 20:09:00+00:00,espn
2026,1,TEN,,Kendell Brooks,S,unknown,2026-09-01 03:56:00+00:00,espn
2026,1,TEN,,Melvin Smith Jr.,CB,active,2026-09-01 00:48:00+00:00,espn
2026,1,TEN,,Andre James,IOL,questionable,2026-09-01 00:29:00+00:00,espn
2026,1,TEN,,Tanoh Kpassagnon,EDGE,unknown,2026-09-01 00:25:00+00:00,espn
2026,1,TEN,,Dorian Mausi,LB,unknown,2026-09-01 00:21:00+00:00,espn
2026,1,TEN,,Joshua Williams,CB,unknown,2026-09-01 00:19:00+00:00,espn
2026,1,TEN,,Chimere Dike,WR,active,2026-08-30 02:06:00+00:00,espn
2026,1,TEN,,Nicholas Singleton,RB,active,2026-08-30 02:01:00+00:00,espn
2026,1,TEN,,Wan'Dale Robinson,WR,questionable,2026-08-28 18:26:00+00:00,espn
2026,1,TEN,,Milo Eifler,LB,unknown,2026-08-25 02:23:00+00:00,espn
2026,1,TEN,,Keldric Faulk,EDGE,questionable,2026-08-24 14:32:00+00:00,espn
2026,1,TEN,,Joey Slye,PK,active,2026-08-24 04:47:00+00:00,espn
2026,1,TEN,,Cam Ward,QB,active,2026-08-24 04:06:00+00:00,espn
2026,1,TEN,,Mitchell Trubisky,QB,questionable,2026-08-19 23:12:00+00:00,espn
2026,1,TEN,,Jaylen Harrell,LB,unknown,2026-08-19 12:07:00+00:00,espn
2026,1,TEN,,Jaren Kanak,TE,unknown,2026-08-19 12:07:00+00:00,espn
2026,1,TEN,,Elic Ayomanor,WR,active,2026-08-07 23:38:00+00:00,espn
2026,1,TEN,,Mario Goodrich III,CB,active,2026-08-01 20:49:00+00:00,espn
2026,1,TEN,,Marcus Harris,CB,active,2026-08-01 01:22:00+00:00,espn
2026,1,TEN,,Jeffery Simmons,IDL,active,2026-08-01 00:01:00+00:00,espn
2026,1,WAS,,Terry McLaurin,WR,active,2026-09-03 18:12:00+00:00,espn
2026,1,WAS,,Stefon Diggs,WR,active,2026-09-03 18:02:00+00:00,espn
2026,1,WAS,,K'Lavon Chaisson,LB,active,2026-09-02 23:30:00+00:00,espn
2026,1,WAS,,Shy Tuttle,IDL,active,2026-09-01 13:48:00+00:00,espn
2026,1,WAS,,Fabian Moreau,CB,active,2026-09-01 13:45:00+00:00,espn
2026,1,WAS,,T.J. Maguranyanga,EDGE,unknown,2026-09-01 04:16:00+00:00,espn
2026,1,WAS,,Curtis Jacobs,LB,unknown,2026-09-01 04:05:00+00:00,espn
2026,1,WAS,,Quentin Moore,TE,unknown,2026-09-01 02:59:00+00:00,espn
2026,1,WAS,,Jacoby Jones,WR,unknown,2026-09-01 02:55:00+00:00,espn
2026,1,WAS,,Jer'Zhan Newton,IDL,unknown,2026-08-31 22:29:00+00:00,espn
2026,1,WAS,,Laremy Tunsil,OT,unknown,2026-08-31 22:24:00+00:00,espn
2026,1,WAS,,Marcus Mariota,QB,questionable,2026-08-31 21:22:00+00:00,espn
2026,1,WAS,,Jacory Croskey-Merritt,RB,questionable,2026-08-31 21:11:00+00:00,espn
2026,1,WAS,,Deatrich Wise Jr.,EDGE,out,2026-08-31 15:19:00+00:00,espn
2026,1,WAS,,Trey Amos,CB,unknown,2026-08-31 15:09:00+00:00,espn
2026,1,WAS,,Jeremy McNichols,RB,unknown,2026-08-31 14:31:00+00:00,espn
2026,1,WAS,,Antonio Williams,WR,active,2026-08-29 06:08:00+00:00,espn
2026,1,WAS,,Luke McCaffrey,WR,active,2026-08-29 05:59:00+00:00,espn
2026,1,WAS,,Kaytron Allen,RB,active,2026-08-29 05:48:00+00:00,espn
2026,1,WAS,,Rachaad White,RB,questionable,2026-08-28 21:47:00+00:00,espn
2026,1,WAS,,D.J. Humphries,OT,active,2026-08-26 00:14:00+00:00,espn
2026,1,WAS,,Ben Sinnott,TE,questionable,2026-08-25 13:58:00+00:00,espn
2026,1,WAS,,Chig Okonkwo,TE,active,2026-08-22 19:18:00+00:00,espn
2026,1,WAS,,Jayden Daniels,QB,active,2026-08-22 19:10:00+00:00,espn
2026,1,WAS,,Tim Settle,IDL,questionable,2026-08-22 15:05:00+00:00,espn
