game_id,season,week,away_team,home_team,predicted_home_margin,spread_line,spread_edge,spread_side,predicted_total,total_line,total_edge,total_side,projected_away_score,projected_home_score,spread_model,total_model,game_type,gameday,weekday,gametime,location_x,result,total,overtime,old_game_id,gsis,nfl_detail_id,pfr,pff,espn,ftn,away_rest,home_rest,away_moneyline,home_moneyline,away_spread_odds,home_spread_odds,under_odds,over_odds,div_game,roof_x,surface_x,temp,wind,away_qb_id,home_qb_id,away_qb_name,home_qb_name,away_coach,home_coach,referee,stadium_id,stadium_x,home_expected_qb_epa,home_baseline_qb_epa,home_expected_qb_name,home_baseline_qb_name,home_depth_chart_date,home_qb_context_confidence,away_expected_qb_epa,away_baseline_qb_epa,away_expected_qb_name,away_baseline_qb_name,away_depth_chart_date,away_qb_context_confidence,home_qb_change_points,away_qb_change_points,market_home_margin,home_injury_players_reported,home_injury_out_count,home_injury_doubtful_count,home_injury_questionable_count,home_injury_unknown_count,home_injury_report_date,home_injury_source,home_injury_auto_points,away_injury_players_reported,away_injury_out_count,away_injury_doubtful_count,away_injury_questionable_count,away_injury_unknown_count,away_injury_report_date,away_injury_source,away_injury_auto_points,location_y,roof_y,surface_y,stadium_y,weather_available,weather_source,forecast_time_utc,temperature_f,wind_mph,wind_gust_mph,precipitation_probability_pct,precipitation_in,weather_code,weather_auto_points,home_qb_context_source,home_baseline_qb_source,away_qb_context_source,away_baseline_qb_source,home_score,away_score,closing_spread_line,closing_total_line,final_home_margin,final_total,su_result,ats_result,ou_result
2026_01_NE_SEA,2026,1,NE,SEA,2.36437286179936,-3.5,-1.1356271382006402,NE,45.90956733065942,44.5,1.4095673306594207,OVER,21.77259723443003,24.13697009622939,Oak spread: promoted V5 core + validated adjustments,Oak totals: locked V12,REG,2026-09-09,Wednesday,20:20,Home,,,,2026090900,,,202609090sea,,401872656,,7,7,154.0,-185.0,-115.0,-105.0,-115.0,-105.0,0,outdoors,fieldturf,,,,,,,Mike Vrabel,Mike Macdonald,,SEA00,Lumen Field,0.0630683443111852,0.0630683443111852,Sam Darnold,S.Darnold,2026-09-04 11:57:41+00:00,depth-chart,0.049188373687623,0.049188373687623,Drake Maye,D.Maye,2026-09-04 11:57:41+00:00,depth-chart,0.0,0.0,3.5,25,2,0,3,7,2026-09-03 19:08:00+00:00,espn,0.0,25,2,0,1,5,2026-09-03 19:02:00+00:00,espn,0.0,Home,outdoors,fieldturf,Lumen Field,True,open-meteo,2026-09-10 00:00:00+00:00,78.2,7.3,8.7,0.0,0.0,0.0,0.0,,,,,13.0,10.0,-3.5,44.5,3.0,23.0,W,W,L
2026_01_SF_LA,2026,1,SF,LA,4.634528156341251,-3.5,1.1345281563412506,LA,48.775633461297176,48.5,0.2756334612971756,OVER,22.070552652477964,26.70508080881921,Oak spread: promoted V5 core + validated adjustments,Oak totals: locked V12,REG,2026-09-10,Thursday,20:35,Neutral,,,,2026091000,,,202609100ram,,401872657,,7,7,170.0,-205.0,-108.0,-112.0,-115.0,-105.0,1,dome,matrixturf,,,,,,,Kyle Shanahan,Sean McVay,,MEL00,Melbourne Cricket Ground,0.1514126840414179,0.1514126840414179,Matthew Stafford,M.Stafford,2026-09-04 11:57:41+00:00,depth-chart,0.0887800978327611,0.0887800978327611,Brock Purdy,B.Purdy,2026-09-04 11:57:41+00:00,depth-chart,0.0,0.0,3.5,25,0,0,5,7,2026-09-03 01:04:00+00:00,espn,0.0,25,3,0,8,6,2026-09-03 23:48:00+00:00,espn,0.0,Neutral,dome,matrixturf,Melbourne Cricket Ground,False,missing,,,,,,,,0.0,,,,,7.0,27.0,-3.5,48.5,-20.0,34.0,L,L,L
2026_01_ATL_PIT,2026,1,ATL,PIT,1.013482400670338,-3.5,-2.486517599329662,ATL,42.30487271891649,41.5,0.8048727189164921,OVER,20.64569515912308,21.659177559793417,Oak spread: promoted V5 core + validated adjustments,Oak totals: locked V12,REG,2026-09-13,Sunday,13:00,Home,,,,2026091306,,,202609130pit,,401872658,,7,7,154.0,-185.0,-118.0,-102.0,-105.0,-115.0,0,outdoors,grass,,,,,,,Raheem Morris,Mike McCarthy,,PIT00,Acrisure Stadium,-0.0369758783073104,-0.0369758783073104,Aaron Rodgers,A.Rodgers,2026-09-04 11:57:41+00:00,depth-chart,0.0483825436690557,0.0051612949027318,Tua Tagovailoa,K.Cousins,2026-09-04 11:57:41+00:00,depth-chart,0.0,0.4240955371449231,3.5,25,1,0,5,3,2026-09-04 04:19:00+00:00,espn,0.0,25,1,0,2,6,2026-09-04 04:44:00+00:00,espn,0.0,Home,outdoors,grass,Acrisure Stadium,True,open-meteo,2026-09-13 17:00:00+00:00,74.8,6.5,10.1,15.0,0.0,3.0,0.0,,,,,20.0,13.0,-3.5,41.5,7.0,33.0,W,L,L
2026_01_BAL_IND,2026,1,BAL,IND,3.2207199928762043,3.5,6.720719992876204,IND,49.6215209240007,48.5,1.1215209240006985,OVER,23.200400465562247,26.42112045843845,Oak spread: promoted V5 core + validated adjustments,Oak totals: locked V12,REG,2026-09-13,Sunday,13:00,Home,,,,2026091304,,,202609130clt,,401872659,,7,7,-175.0,145.0,-108.0,-112.0,-115.0,-105.0,0,,fieldturf,,,,,,,Jesse Minter,Shane Steichen,,IND00,Lucas Oil Stadium,0.0096076107034059,-0.0716342218489616,Daniel Jones,R.Leonard,2026-09-04 11:57:41+00:00,depth-chart,0.0613803349849719,0.0613803349849719,Lamar Jackson,L.Jackson,2026-09-04 11:57:41+00:00,depth-chart,0.7971611093703408,0.0,-3.5,25,0,0,5,6,2026-09-03 18:49:00+00:00,espn,0.0,25,0,0,4,5,2026-09-04 04:56:00+00:00,espn,0.0,Home,,fieldturf,Lucas Oil Stadium,True,open-meteo,2026-09-13 17:00:00+00:00,81.4,3.2,6.0,13.0,0.0,0.0,0.0,,,,,23.0,41.0,3.5,48.5,-18.0,64.0,L,L,W
2026_01_BUF_HOU,2026,1,BUF,HOU,0.7025664825803383,1.5,2.2025664825803384,HOU,43.43922958310003,44.5,-1.0607704168999703,UNDER,21.36833155025985,22.070898032840184,Oak spread: promoted V5 core + validated adjustments,Oak totals: locked V12,REG,2026-09-13,Sunday,13:00,Home,,,,2026091303,,,202609130htx,,401872660,,7,7,-118.0,-102.0,-105.0,-115.0,-110.0,-110.0,0,,astroturf,,,,,,,Sean McDermott,DeMeco Ryans,,HOU00,Reliant Stadium,-0.005467071998285,-0.005467071998285,C.J. Stroud,C.Stroud,2026-09-04 11:57:41+00:00,depth-chart,0.0953531791763193,0.0953531791763193,Josh Allen,J.Allen,2026-09-04 11:57:41+00:00,depth-chart,0.0,0.0,-1.5,25,2,0,5,9,2026-09-04 15:55:00+00:00,espn,0.0,25,1,0,5,3,2026-09-02 22:01:00+00:00,espn,0.0,Home,,astroturf,Reliant Stadium,True,open-meteo,2026-09-13 17:00:00+00:00,94.1,4.3,8.5,9.0,0.0,0.0,0.0,,,,,31.0,36.0,1.5,44.5,-5.0,67.0,L,L,L
2026_01_CHI_CAR,2026,1,CHI,CAR,-0.6151792400523639,2.5,1.884820759947636,CAR,48.337155539085664,47.5,0.8371555390856642,OVER,24.476167389569014,23.86098814951665,Oak spread: promoted V5 core + validated adjustments,Oak totals: locked V12,REG,2026-09-13,Sunday,13:00,Home,,,,2026091300,,,202609130car,,401872661,,7,7,-148.0,124.0,-118.0,-102.0,-110.0,-110.0,0,outdoors,grass,,,,,,,Ben Johnson,Dave Canales,,CAR00,Bank of America Stadium,-0.0435735112597872,-0.0435735112597872,Bryce Young,B.Young,2026-09-04 11:57:41+00:00,depth-chart,0.0486250972160067,0.0486250972160067,Caleb Williams,C.Williams,2026-09-04 11:57:41+00:00,depth-chart,0.0,0.0,-2.5,25,3,0,8,3,2026-09-04 00:03:00+00:00,espn,0.0,25,3,0,4,8,2026-09-04 00:32:00+00:00,espn,0.0,Home,outdoors,grass,Bank of America Stadium,True,open-meteo,2026-09-13 17:00:00+00:00,83.1,9.2,12.8,4.0,0.004,51.0,0.0,,,,,37.0,59.0,2.5,47.5,-22.0,96.0,W,L,W
2026_01_CLE_JAX,2026,1,CLE,JAX,5.63363610156285,-7.5,-1.8663638984371504,CLE,42.184808311042,40.5,1.6848083110419978,OVER,18.27558610473957,23.909222206302424,Oak spread: promoted V5 core + validated adjustments,Oak totals: locked V12,REG,2026-09-13,Sunday,13:00,Home,,,,2026091305,,,202609130jax,,401872922,,7,7,310.0,-395.0,-110.0,-110.0,-110.0,-110.0,0,outdoors,grass,,,,,,,Todd Monken,Liam Coen,,JAX00,EverBank Stadium,0.0516183089570346,0.0516183089570346,Trevor Lawrence,T.Lawrence,2026-09-04 11:57:41+00:00,depth-chart,-0.0840368443653326,-0.1703659219421204,Deshaun Watson,S.Sanders,2026-09-04 11:57:41+00:00,depth-chart,0.0,0.8470781749989573,7.5,25,0,0,4,6,2026-09-04 03:51:00+00:00,espn,0.0,25,1,0,1,7,2026-09-04 15:51:00+00:00,espn,0.0,Home,outdoors,grass,EverBank Stadium,True,open-meteo,2026-09-13 17:00:00+00:00,97.0,6.2,5.4,19.0,0.0,1.0,0.0,,,,,34.0,10.0,-7.5,40.5,24.0,44.0,W,L,W
2026_01_NO_DET,2026,1,NO,DET,3.263540666128646,-7.0,-3.736459333871354,NO,49.86056893116056,49.5,0.3605689311605644,OVER,23.29851413251596,26.562054798644606,Oak spread: promoted V5 core + validated adjustments,Oak totals: locked V12,REG,2026-09-13,Sunday,13:00,Home,,,,2026091302,,,202609130det,,401872923,,7,7,245.0,-305.0,-110.0,-110.0,-105.0,-115.0,0,dome,fieldturf,,,,,,,Kellen Moore,Dan Campbell,,DET00,Ford Field,0.1305874948093466,0.1305874948093466,Jared Goff,J.Goff,2026-09-04 11:57:41+00:00,depth-chart,-0.010582913123752,-0.010582913123752,Tyler Shough,T.Shough,2026-09-04 11:57:41+00:00,depth-chart,0.0,0.0,7.0,25,3,0,7,5,2026-09-02 16:15:00+00:00,espn,0.0,25,1,0,5,7,2026-09-03 18:38:00+00:00,espn,0.0,Home,dome,fieldturf,Ford Field,True,open-meteo,2026-09-13 17:00:00+00:00,77.3,8.2,12.8,16.0,0.0,1.0,0.0,,,,,31.0,30.0,-7.0,49.5,1.0,61.0,W,W,W
2026_01_NYJ_TEN,2026,1,NYJ,TEN,1.3756335873889318,-1.5,-0.1243664126110681,NYJ,40.125087243924426,38.5,1.6250872439244262,OVER,19.374726828267747,20.75036041565668,Oak spread: promoted V5 core + validated adjustments,Oak totals: locked V12,REG,2026-09-13,Sunday,13:00,Home,,,,2026091307,,,202609130oti,,401872924,,7,7,110.0,-130.0,-105.0,-115.0,-105.0,-115.0,0,outdoors,grass,,,,,,,Aaron Glenn,Robert Saleh,,NAS00,Nissan Stadium,-0.1107550283525055,-0.1928300171355504,Cam Ward,B.Allen,2026-09-04 11:57:41+00:00,depth-chart,-0.0814139799307869,-0.200257730384349,Geno Smith,B.Cook,2026-09-04 11:57:41+00:00,depth-chart,0.805336204936993,1.1661186482004415,1.5,25,0,0,5,7,2026-09-03 18:58:00+00:00,espn,0.0,25,1,0,7,5,2026-09-04 15:44:00+00:00,espn,0.0,Home,outdoors,grass,Nissan Stadium,True,open-meteo,2026-09-13 17:00:00+00:00,89.9,4.7,13.6,7.0,0.0,3.0,0.0,,,,,10.0,23.0,-1.5,38.5,-13.0,33.0,L,W,L
2026_01_TB_CIN,2026,1,TB,CIN,0.0776782558748256,-3.5,-3.4223217441251745,TB,54.06911506731683,51.5,2.569115067316829,OVER,26.995718405721004,27.073396661595822,Oak spread: promoted V5 core + validated adjustments,Oak totals: locked V12,REG,2026-09-13,Sunday,13:00,Home,,,,2026091301,,,202609130cin,,401872925,,7,7,170.0,-205.0,-105.0,-115.0,-118.0,-102.0,0,outdoors,fieldturf,,,,,,,Todd Bowles,Zac Taylor,,CIN00,Paycor Stadium,0.083234482166091,0.083234482166091,Joe Burrow,J.Burrow,2026-09-04 11:57:41+00:00,depth-chart,0.0246909731018395,0.0246909731018395,Baker Mayfield,B.Mayfield,2026-09-04 11:57:41+00:00,depth-chart,0.0,0.0,3.5,25,0,0,5,2,2026-09-03 15:51:00+00:00,espn,0.0,25,0,0,4,5,2026-09-04 04:28:00+00:00,espn,0.0,Home,outdoors,fieldturf,Paycor Stadium,True,open-meteo,2026-09-13 17:00:00+00:00,79.1,5.4,10.3,12.0,0.0,3.0,0.0,,,,,33.0,27.0,-3.5,51.5,6.0,60.0,W,L,W
2026_01_ARI_LAC,2026,1,ARI,LAC,5.127353856319644,-10.5,-5.372646143680356,ARI,46.576489764877486,46.5,0.0764897648774862,OVER,20.72456795427892,25.851921810598565,Oak spread: promoted V5 core + validated adjustments,Oak totals: locked V12,REG,2026-09-13,Sunday,16:25,Home,,,,2026091308,,,202609130sdg,,401872926,,7,7,455.0,-625.0,-110.0,-110.0,-105.0,-115.0,0,dome,matrixturf,,,,,,,Jonathan Gannon,Jim Harbaugh,,LAX01,SoFi Stadium,-0.0150896286857718,-0.0150896286857718,Justin Herbert,J.Herbert,2026-09-04 11:57:41+00:00,depth-chart,-0.0279723007642243,-0.0279723007642243,Jacoby Brissett,J.Brissett,2026-09-04 11:57:41+00:00,depth-chart,0.0,0.0,10.5,25,1,0,5,6,2026-09-03 18:56:00+00:00,espn,0.0,25,1,0,4,4,2026-09-03 17:49:00+00:00,espn,0.0,Home,dome,matrixturf,SoFi Stadium,True,open-meteo,2026-09-13 20:00:00+00:00,79.5,8.5,3.8,2.0,0.0,0.0,0.0,,,,,14.0,26.0,-10.5,46.5,-12.0,40.0,L,W,L
2026_01_GB_MIN,2026,1,GB,MIN,0.7596864782229722,-1.5,-0.7403135217770278,GB,48.399990884567,45.5,2.8999908845670035,OVER,23.82015220317201,24.57983868139499,Oak spread: promoted V5 core + validated adjustments,Oak totals: locked V12,REG,2026-09-13,Sunday,16:25,Home,,,,2026091310,,,202609130min,,401872927,,7,7,-102.0,-118.0,-118.0,-102.0,-110.0,-110.0,1,dome,sportturf,,,,,,,Matt LaFleur,Kevin O'Connell,,MIN01,U.S. Bank Stadium,0.0335456345448978,-0.0865353365016669,Kyler Murray,J.McCarthy,2026-09-04 11:57:41+00:00,depth-chart,0.1534239639590953,0.1534239639590953,Jordan Love,J.Love,2026-09-04 11:57:41+00:00,depth-chart,1.1782585041031026,0.0,1.5,25,0,0,3,8,2026-09-03 15:58:00+00:00,espn,0.0,25,4,0,2,5,2026-09-03 20:31:00+00:00,espn,0.0,Home,dome,sportturf,U.S. Bank Stadium,True,open-meteo,2026-09-13 20:00:00+00:00,68.0,10.1,15.9,13.0,0.0,1.0,0.0,,,,,39.0,22.0,-1.5,45.5,17.0,61.0,W,L,W
2026_01_MIA_LV,2026,1,MIA,LV,-0.9082686271327916,-3.5,-4.408268627132792,MIA,40.2621719916358,40.5,-0.2378280083642039,UNDER,20.58522030938429,19.676951682251502,Oak spread: promoted V5 core + validated adjustments,Oak totals: locked V12,REG,2026-09-13,Sunday,16:25,Home,,,,2026091309,,,202609130rai,,401872928,,7,7,164.0,-198.0,-110.0,-110.0,-110.0,-110.0,0,dome,grass,,,,,,,Jeff Hafley,Klint Kubliak,,VEG00,Allegiant Stadium,0.0051612949027318,-0.020452952757256,Kirk Cousins,A.O'Connell,2026-09-04 11:57:41+00:00,depth-chart,0.0780185596875022,-0.0325120632058222,Malik Willis,Q.Ewers,2026-09-04 11:57:41+00:00,depth-chart,0.2513321208893335,1.0845485779538784,3.5,25,0,0,1,8,2026-09-03 00:00:00+00:00,espn,0.0,25,2,0,4,4,2026-09-04 15:26:00+00:00,espn,0.0,Home,dome,grass,Allegiant Stadium,False,missing,,,,,,,,0.0,,,,,27.0,13.0,-3.5,40.5,14.0,40.0,L,L,W
2026_01_WAS_PHI,2026,1,WAS,PHI,5.254658970636462,-5.5,-0.245341029363538,WAS,46.169381722658926,45.5,0.669381722658926,OVER,20.45736137601123,25.71202034664769,Oak spread: promoted V5 core + validated adjustments,Oak totals: locked V12,REG,2026-09-13,Sunday,16:25,Home,,,,2026091311,,,202609130phi,,401872929,,7,7,180.0,-218.0,-115.0,-105.0,-112.0,-108.0,1,outdoors,grass,,,,,,,Dan Quinn,Nick Sirianni,,PHI00,Lincoln Financial Field,0.0382857992193167,0.0382857992193167,Jalen Hurts,J.Hurts,2026-09-04 11:57:41+00:00,depth-chart,0.0153923006366683,0.0289322184706749,Jayden Daniels,J.Johnson,2026-09-04 11:57:41+00:00,depth-chart,0.0,-0.132856381770839,5.5,25,1,0,6,4,2026-09-03 15:43:00+00:00,espn,0.0,25,1,0,5,8,2026-09-03 18:12:00+00:00,espn,0.0,Home,outdoors,grass,Lincoln Financial Field,False,missing,,,,,,,,0.0,,,,,24.0,22.0,-5.5,45.5,2.0,46.0,W,W,W
2026_01_DAL_NYG,2026,1,DAL,NYG,0.5497977801085419,2.5,3.049797780108542,NYG,48.92609469594057,48.5,0.42609469594057,OVER,24.18814845791601,24.73794623802456,Oak spread: promoted V5 core + validated adjustments,Oak totals: locked V12,REG,2026-09-13,Sunday,20:20,Home,,,,2026091312,,,202609130nyg,,401872930,,7,7,-148.0,124.0,-115.0,-105.0,-110.0,-110.0,1,outdoors,fieldturf,,,,,,,Brian Schottenheimer,John Harbaugh,,NYC01,MetLife Stadium,-0.0121757571796765,-0.0121757571796765,Jaxson Dart,J.Dart,2026-09-04 11:57:41+00:00,depth-chart,0.0962647693754327,0.0322249425707239,Dak Prescott,J.Milton,2026-09-04 11:57:41+00:00,depth-chart,0.0,0.6283715885731631,-2.5,25,0,0,9,4,2026-09-03 17:39:00+00:00,espn,0.0,25,0,0,2,5,2026-09-03 19:15:00+00:00,espn,0.0,Home,outdoors,fieldturf,MetLife Stadium,False,missing,,,,,,,,0.0,,,,,28.0,20.0,2.5,48.5,8.0,48.0,W,W,L
2026_01_DEN_KC,2026,1,DEN,KC,0.9254998294220658,-3.0,-2.0745001705779345,DEN,42.80436501148928,42.5,0.3043650114892813,OVER,20.939432591033608,21.864932420455677,Oak spread: promoted V5 core + validated adjustments,Oak totals: locked V12,REG,2026-09-14,Monday,20:15,Home,,,,2026091400,,,202609140kan,,401872931,,7,7,124.0,-148.0,-120.0,100.0,-110.0,-110.0,1,outdoors,grass,,,,,,,Sean Payton,Andy Reid,,KAN00,GEHA Field at Arrowhead Stadium,0.0704962097145883,-0.1517772340962225,Patrick Mahomes,C.Oladokun,2026-09-04 11:57:41+00:00,depth-chart,0.0640232410209705,-0.0901308846623328,Bo Nix,J.Stidham,2026-09-04 11:57:41+00:00,depth-chart,2.0,1.5125911120297095,3.0,25,1,0,5,6,2026-09-04 01:39:00+00:00,espn,0.0,25,2,0,3,6,2026-09-04 02:31:00+00:00,espn,0.0,Home,outdoors,grass,GEHA Field at Arrowhead Stadium,False,missing,,,,,,,,0.0,,,,,31.0,10.0,-3.0,42.5,21.0,41.0,W,L,L
2026_02_DET_BUF,2026,2,DET,BUF,4.13604694984652,-4.5,-0.36395305015348,DET,53.86566002207256,53.5,0.3656600220725607,OVER,24.864806536113026,29.00085348595954,Oak spread: promoted V5 core + validated adjustments,Oak totals: locked V12,REG,2026-09-17,Thursday,20:15,Home,,,,2026091700,,,202609170buf,,401872932,7035.0,4,4,170.0,-205.0,-112.0,-108.0,-105.0,-115.0,0,outdoors,a_turf,,,00-0033106,00-0034857,Jared Goff,Josh Allen,Dan Campbell,Sean McDermott,,BUF00,Highmark Stadium,0.0969776991235314,0.1228640190644329,Josh Allen,Embedded team QB,2026-09-14 13:53:31+00:00,depth-chart+embedded-baseline,0.1055986522630479,0.0995963517109885,Jared Goff,Embedded team QB,2026-09-14 13:53:31+00:00,depth-chart+embedded-baseline,-0.2540017485241135,0.0588957734769171,4.5,25,4,0,0,0,2026-09-15 02:57:00+00:00,espn,0.0,25,0,0,3,3,2026-09-15 00:23:00+00:00,espn,0.0,Home,outdoors,a_turf,Highmark Stadium,True,open-meteo,2026-09-18 00:00:00+00:00,64.4,2.6,2.2,14.0,0.0,0.0,0.0,nflverse-depth-chart,recency-dropback-weighted-team-qb,nflverse-depth-chart,recency-dropback-weighted-team-qb,,,-4.5,53.5,,,PENDING,PENDING,PENDING
2026_02_CAR_ATL,2026,2,CAR,ATL,3.0318625873857314,1.5,4.5318625873857314,ATL,44.12979895782422,44.5,-0.3702010421757791,UNDER,20.548968185219245,23.580830772604976,Oak spread: promoted V5 core + validated adjustments,Oak totals: locked V12,REG,2026-09-20,Sunday,13:00,Home,,,,2026092000,,,202609200atl,,401872933,7036.0,7,7,-125.0,105.0,-108.0,-112.0,-118.0,-102.0,1,,fieldturf,,,00-0039150,00-0036212,Bryce Young,Tua Tagovailoa,Dave Canales,Raheem Morris,,ATL97,Mercedes-Benz Stadium,-0.155090877415956,-0.0443276386972593,Cooper Rush,Embedded team QB,2026-09-14 13:53:31+00:00,availability-filtered+embedded-baseline,-0.0377340074188504,-0.0428006744331838,Bryce Young,Embedded team QB,2026-09-14 13:53:31+00:00,depth-chart+embedded-baseline,-1.086831050955596,0.0497151500780423,-1.5,25,4,0,1,2,2026-09-15 01:06:00+00:00,espn,0.0,25,1,0,1,0,2026-09-15 04:59:00+00:00,espn,0.0,Home,,fieldturf,Mercedes-Benz Stadium,True,open-meteo,2026-09-20 17:00:00+00:00,87.3,4.3,5.1,7.0,0.0,0.0,0.0,nflverse-depth-chart+espn-out-filter,recency-dropback-weighted-team-qb,nflverse-depth-chart,recency-dropback-weighted-team-qb,,,1.5,44.5,,,PENDING,PENDING,PENDING
2026_02_CIN_HOU,2026,2,CIN,HOU,3.463858457156579,-3.0,0.4638584571565789,HOU,44.41032016000834,46.5,-2.0896798399916605,UNDER,20.47323085142588,23.937089308582458,Oak spread: promoted V5 core + validated adjustments,Oak totals: locked V12,REG,2026-09-20,Sunday,13:00,Home,,,,2026092003,,,202609200htx,,401872934,7039.0,7,7,124.0,-148.0,-115.0,-105.0,-112.0,-108.0,0,,astroturf,,,00-0036442,00-0039163,Joe Burrow,C.J. Stroud,Zac Taylor,DeMeco Ryans,,HOU00,Reliant Stadium,-0.018843371382967,-0.0391385422629948,C.J. Stroud,Embedded team QB,2026-09-14 13:53:31+00:00,depth-chart+embedded-baseline,0.057863748569739,0.005540124295924,Joe Burrow,Embedded team QB,2026-09-14 13:53:31+00:00,depth-chart+embedded-baseline,0.1991402757090087,0.5134098660995277,3.0,25,0,1,1,3,2026-09-15 00:32:00+00:00,espn,0.0,25,1,0,0,2,2026-09-15 00:24:00+00:00,espn,0.0,Home,,astroturf,Reliant Stadium,True,open-meteo,2026-09-20 17:00:00+00:00,92.8,4.4,5.4,3.0,0.0,0.0,0.0,nflverse-depth-chart,recency-dropback-weighted-team-qb,nflverse-depth-chart,recency-dropback-weighted-team-qb,,,-3.0,46.5,,,PENDING,PENDING,PENDING
2026_02_CLE_TB,2026,2,CLE,TB,6.142187101721493,-8.5,-2.3578128982785067,CLE,40.52181753492336,40.5,0.0218175349233575,OVER,17.189815216600934,23.332002318322424,Oak spread: promoted V5 core + validated adjustments,Oak totals: locked V12,REG,2026-09-20,Sunday,13:00,Home,,,,2026092006,,,202609200tam,,401872935,7042.0,7,7,320.0,-410.0,-108.0,-112.0,-105.0,-115.0,0,outdoors,grass,,,00-0033537,00-0034855,Deshaun Watson,Baker Mayfield,Todd Monken,Todd Bowles,,TAM00,Raymond James Stadium,-0.0075027592669705,-0.0181869267469735,Baker Mayfield,Embedded team QB,2026-09-14 13:53:31+00:00,depth-chart+embedded-baseline,-0.1123361636805555,-0.2347241479620139,Deshaun Watson,Embedded team QB,2026-09-14 13:53:31+00:00,depth-chart+embedded-baseline,0.1048351881472849,1.2008953793665262,8.5,25,3,0,1,3,2026-09-14 23:52:00+00:00,espn,0.0,25,4,0,0,4,2026-09-15 04:05:00+00:00,espn,0.0,Home,outdoors,grass,Raymond James Stadium,True,open-meteo,2026-09-20 17:00:00+00:00,89.5,6.9,8.7,16.0,0.0,1.0,0.0,nflverse-depth-chart,recency-dropback-weighted-team-qb,nflverse-depth-chart,recency-dropback-weighted-team-qb,,,-8.5,40.5,,,PENDING,PENDING,PENDING
2026_02_GB_NYJ,2026,2,GB,NYJ,-0.3563164043570599,4.5,4.1436835956429405,NYJ,43.5036854737467,44.5,-0.9963145262533004,UNDER,21.93000093905188,21.57368453469482,Oak spread: promoted V5 core + validated adjustments,Oak totals: locked V12,REG,2026-09-20,Sunday,13:00,Home,,,,2026092005,,,202609200nyj,,401872936,7041.0,7,7,-205.0,170.0,-102.0,-118.0,-108.0,-112.0,0,outdoors,fieldturf,,,00-0036264,00-0030565,Jordan Love,Geno Smith,Matt LaFleur,Aaron Glenn,,NYC01,MetLife Stadium,-0.0756077580151722,-0.1307130441650024,Geno Smith,Embedded team QB,2026-09-14 13:53:31+00:00,depth-chart+embedded-baseline,0.1153042419684603,0.106356372685632,Jordan Love,Embedded team QB,2026-09-14 13:53:31+00:00,depth-chart+embedded-baseline,0.5407040887593643,0.0877982829769677,-4.5,25,3,0,2,4,2026-09-15 03:33:00+00:00,espn,0.0,25,4,0,2,0,2026-09-15 01:57:00+00:00,espn,0.0,Home,outdoors,fieldturf,MetLife Stadium,True,open-meteo,2026-09-20 17:00:00+00:00,70.2,8.6,20.6,37.0,0.016,51.0,0.0,nflverse-depth-chart,recency-dropback-weighted-team-qb,nflverse-depth-chart,recency-dropback-weighted-team-qb,,,4.5,44.5,,,PENDING,PENDING,PENDING
2026_02_MIN_CHI,2026,2,MIN,CHI,1.1707733677125955,-5.5,-4.329226632287405,MIN,49.215339084567454,49.5,-0.2846609154325463,UNDER,24.022282858427427,25.193056226140023,Oak spread: promoted V5 core + validated adjustments,Oak totals: locked V12,REG,2026-09-20,Sunday,13:00,Home,,,,2026092002,,,202609200chi,,401872937,7038.0,7,7,195.0,-238.0,-110.0,-110.0,-118.0,-102.0,1,outdoors,grass,,,00-0035228,00-0039918,Kyler Murray,Caleb Williams,Kevin O'Connell,Ben Johnson,,CHI98,Soldier Field,0.052711297952536,0.0481221108831179,Caleb Williams,Embedded team QB,2026-09-14 13:53:31+00:00,depth-chart+embedded-baseline,0.007847201629497,-0.1212173835620798,Kyler Murray,Embedded team QB,2026-09-14 13:53:31+00:00,depth-chart+embedded-baseline,0.0450300213625444,1.2664075228167908,5.5,25,5,0,0,1,2026-09-15 00:10:00+00:00,espn,0.0,25,0,0,2,3,2026-09-15 02:03:00+00:00,espn,0.0,Home,outdoors,grass,Soldier Field,True,open-meteo,2026-09-20 17:00:00+00:00,68.0,4.7,14.1,35.0,0.008,51.0,0.0,nflverse-depth-chart,recency-dropback-weighted-team-qb,nflverse-depth-chart,recency-dropback-weighted-team-qb,,,-5.5,49.5,,,PENDING,PENDING,PENDING
2026_02_NO_BAL,2026,2,NO,BAL,5.114662825915343,-8.5,-3.3853371740846567,NO,45.71927116331392,46.5,-0.7807288366860803,UNDER,20.302304168699287,25.416966994614636,Oak spread: promoted V5 core + validated adjustments,Oak totals: locked V12,REG,2026-09-20,Sunday,13:00,Home,,,,2026092001,,,202609200rav,,401872938,7037.0,7,7,320.0,-410.0,-110.0,-110.0,-102.0,-118.0,0,outdoors,grass,,,00-0040743,00-0034796,Tyler Shough,Lamar Jackson,Kellen Moore,Jesse Minter,,BAL00,M&T Bank Stadium,0.0572136368060906,0.0245077531037777,Lamar Jackson,Embedded team QB,2026-09-14 13:53:31+00:00,depth-chart+embedded-baseline,-0.0322060201089235,-0.0565653871018863,Tyler Shough,Embedded team QB,2026-09-14 13:53:31+00:00,depth-chart+embedded-baseline,0.3209166720638347,0.2390189808083495,8.5,25,3,1,2,2,2026-09-15 04:21:00+00:00,espn,0.0,25,3,0,0,5,2026-09-15 00:33:00+00:00,espn,0.0,Home,outdoors,grass,M&T Bank Stadium,True,open-meteo,2026-09-20 17:00:00+00:00,84.7,6.7,12.1,9.0,0.0,3.0,0.0,nflverse-depth-chart,recency-dropback-weighted-team-qb,nflverse-depth-chart,recency-dropback-weighted-team-qb,,,-8.5,46.5,,,PENDING,PENDING,PENDING
2026_02_PHI_TEN,2026,2,PHI,TEN,-5.060543152957495,7.0,1.939456847042505,TEN,38.8406616091655,39.5,-0.659338390834499,UNDER,21.950602381061497,16.890059228104004,Oak spread: promoted V5 core + validated adjustments,Oak totals: locked V12,REG,2026-09-20,Sunday,13:00,Home,,,,2026092007,,,202609200oti,,401872939,7043.0,7,7,-305.0,245.0,-110.0,-110.0,-110.0,-110.0,0,outdoors,grass,,,00-0036389,00-0040676,Jalen Hurts,Cam Ward,Nick Sirianni,Robert Saleh,,NAS00,Nissan Stadium,-0.135238395480659,-0.1550845202716097,Cam Ward,Embedded team QB,2026-09-14 13:53:31+00:00,depth-chart+embedded-baseline,0.0197284740973911,0.0127040975568026,Jalen Hurts,Embedded team QB,2026-09-14 13:53:31+00:00,depth-chart+embedded-baseline,0.1947341456737666,0.0689245874915632,-7.0,25,1,0,1,5,2026-09-15 01:39:00+00:00,espn,0.0,25,2,0,0,2,2026-09-15 04:47:00+00:00,espn,0.0,Home,outdoors,grass,Nissan Stadium,True,open-meteo,2026-09-20 17:00:00+00:00,92.6,6.8,8.7,4.0,0.0,3.0,0.0,nflverse-depth-chart,recency-dropback-weighted-team-qb,nflverse-depth-chart,recency-dropback-weighted-team-qb,,,7.0,39.5,,,PENDING,PENDING,PENDING
2026_02_PIT_NE,2026,2,PIT,NE,3.861422849674873,-5.5,-1.6385771503251267,PIT,45.57304246091206,42.5,3.0730424609120632,OVER,20.855809805618595,24.71723265529347,Oak spread: promoted V5 core + validated adjustments,Oak totals: locked V12,REG,2026-09-20,Sunday,13:00,Home,,,,2026092004,,,202609200nwe,,401872946,7040.0,7,11,190.0,-230.0,-110.0,-110.0,-115.0,-105.0,0,outdoors,fieldturf,,,00-0023459,00-0039851,Aaron Rodgers,Drake Maye,Mike McCarthy,Mike Vrabel,,BOS00,Gillette Stadium,0.0184264226125682,0.0049473168063608,Drake Maye,Embedded team QB,2026-09-14 13:53:31+00:00,depth-chart+embedded-baseline,-0.0700159800228196,-0.0726285129734533,Aaron Rodgers,Embedded team QB,2026-09-14 13:53:31+00:00,depth-chart+embedded-baseline,0.1322596819916682,0.0256346958182075,5.5,25,3,0,0,1,2026-09-14 19:29:00+00:00,espn,0.0,25,2,0,0,2,2026-09-15 01:26:00+00:00,espn,0.0,Home,outdoors,fieldturf,Gillette Stadium,True,open-meteo,2026-09-20 17:00:00+00:00,62.8,7.4,19.0,40.0,0.035,53.0,0.0,nflverse-depth-chart,recency-dropback-weighted-team-qb,nflverse-depth-chart,recency-dropback-weighted-team-qb,,,-5.5,42.5,,,PENDING,PENDING,PENDING
2026_02_JAX_DEN,2026,2,JAX,DEN,-5.724812904309642,-2.5,-8.224812904309642,JAX,46.12637580114216,44.5,1.62637580114216,OVER,25.925594352725906,20.200781448416254,Oak spread: promoted V5 core + validated adjustments,Oak totals: locked V12,REG,2026-09-20,Sunday,16:05,Home,,,,2026092008,,,202609200den,,401872940,7044.0,7,6,114.0,-135.0,-110.0,-110.0,-118.0,-102.0,0,outdoors,grass,,,00-0036971,00-0039732,Trevor Lawrence,Bo Nix,Liam Coen,Sean Payton,,DEN00,Empower Field at Mile High,0.0191210931617282,-0.0130759491132148,Bo Nix,Embedded team QB,2026-09-14 13:53:31+00:00,depth-chart+embedded-baseline,0.0652769651588323,0.0705003720466584,Trevor Lawrence,Embedded team QB,2026-09-14 13:53:31+00:00,depth-chart+embedded-baseline,0.3159238182101968,-0.0512531130647271,2.5,25,8,0,0,2,2026-09-15 04:20:00+00:00,espn,0.0,25,0,0,2,2,2026-09-15 00:45:00+00:00,espn,0.0,Home,outdoors,grass,Empower Field at Mile High,True,open-meteo,2026-09-20 20:00:00+00:00,73.8,7.2,5.4,30.0,0.0,0.0,0.0,nflverse-depth-chart,recency-dropback-weighted-team-qb,nflverse-depth-chart,recency-dropback-weighted-team-qb,,,-2.5,44.5,,,PENDING,PENDING,PENDING
2026_02_LV_LAC,2026,2,LV,LAC,1.0956514349307716,-7.0,-5.9043485650692284,LV,47.70066898642278,43.5,4.200668986422777,OVER,23.302508775746,24.39816021067677,Oak spread: promoted V5 core + validated adjustments,Oak totals: locked V12,REG,2026-09-20,Sunday,16:05,Home,,,,2026092009,,,202609200sdg,,401872941,7045.0,7,7,250.0,-310.0,-115.0,-105.0,-110.0,-110.0,1,dome,matrixturf,,,00-0029604,00-0036355,Kirk Cousins,Justin Herbert,Klint Kubliak,Jim Harbaugh,,LAX01,SoFi Stadium,-0.040080749744266,-0.0940955642648066,Justin Herbert,Embedded team QB,2026-09-14 13:53:31+00:00,depth-chart+embedded-baseline,-0.0117111604904037,-0.1427828731831533,Kirk Cousins,Embedded team QB,2026-09-14 13:53:31+00:00,depth-chart+embedded-baseline,0.5300041630384483,1.2861018592837985,7.0,25,2,1,3,2,2026-09-15 01:22:00+00:00,espn,0.0,25,1,0,1,4,2026-09-15 01:54:00+00:00,espn,0.0,Home,dome,matrixturf,SoFi Stadium,True,open-meteo,2026-09-20 20:00:00+00:00,78.8,8.1,5.8,0.0,0.0,0.0,0.0,nflverse-depth-chart,recency-dropback-weighted-team-qb,nflverse-depth-chart,recency-dropback-weighted-team-qb,,,-7.0,43.5,,,PENDING,PENDING,PENDING
2026_02_MIA_SF,2026,2,MIA,SF,8.380470534320931,-13.5,-5.119529465679069,MIA,45.31998238663853,45.5,-0.1800176133614712,UNDER,18.4697559261588,26.85022646047973,Oak spread: promoted V5 core + validated adjustments,Oak totals: locked V12,REG,2026-09-20,Sunday,16:25,Home,,,,2026092012,,,202609200sfo,,401872942,7048.0,7,10,625.0,-950.0,-115.0,-105.0,-112.0,-108.0,0,outdoors,grass,,,00-0038128,00-0037834,Malik Willis,Brock Purdy,Jeff Hafley,Kyle Shanahan,,SFO01,Levi's Stadium,0.0729511505581729,0.0624595039327041,Brock Purdy,Embedded team QB,2026-09-14 13:53:31+00:00,depth-chart+embedded-baseline,-0.0020485746570235,-0.0298372191008739,Malik Willis,Embedded team QB,2026-09-14 13:53:31+00:00,depth-chart+embedded-baseline,0.1029461350184249,0.2726677370119486,13.5,25,0,1,1,1,2026-09-14 15:22:00+00:00,espn,0.0,25,1,0,1,2,2026-09-15 01:45:00+00:00,espn,0.0,Home,outdoors,grass,Levi's Stadium,True,open-meteo,2026-09-20 20:00:00+00:00,74.2,8.4,5.4,0.0,0.0,1.0,0.0,nflverse-depth-chart,recency-dropback-weighted-team-qb,nflverse-depth-chart,recency-dropback-weighted-team-qb,,,-13.5,45.5,,,PENDING,PENDING,PENDING
2026_02_SEA_ARI,2026,2,SEA,ARI,-2.126811566985773,4.5,2.3731884330142266,ARI,40.84625927627038,41.5,-0.6537407237296193,UNDER,21.48653542162808,19.359723854642304,Oak spread: promoted V5 core + validated adjustments,Oak totals: locked V12,REG,2026-09-20,Sunday,16:25,Home,,,,2026092010,,,202609200crd,,401872943,7046.0,11,7,-225.0,185.0,-105.0,-115.0,-110.0,-110.0,1,,grass,,,00-0035704,00-0033119,Drew Lock,Jacoby Brissett,Mike Macdonald,Jonathan Gannon,,PHO00,State Farm Stadium,-0.0263439335915624,-0.0029733882828239,Jacoby Brissett,Embedded team QB,2026-09-14 13:53:31+00:00,depth-chart+embedded-baseline,0.0389925215720561,0.0499122939021559,Sam Darnold,Embedded team QB,2026-09-14 13:53:31+00:00,depth-chart+embedded-baseline,-0.2293164646784045,-0.1071469900574048,-4.5,25,4,0,1,3,2026-09-15 01:37:00+00:00,espn,0.0,25,3,1,0,0,2026-09-14 23:26:00+00:00,espn,0.0,Home,,grass,State Farm Stadium,True,open-meteo,2026-09-20 20:00:00+00:00,98.1,5.1,4.3,0.0,0.0,0.0,0.0,nflverse-depth-chart,recency-dropback-weighted-team-qb,nflverse-depth-chart,recency-dropback-weighted-team-qb,,,4.5,41.5,,,PENDING,PENDING,PENDING
2026_02_WAS_DAL,2026,2,WAS,DAL,0.7957589567650744,-3.5,-2.704241043234925,WAS,53.21985825931335,50.5,2.719858259313348,OVER,26.212049651274132,27.007808608039213,Oak spread: promoted V5 core + validated adjustments,Oak totals: locked V12,REG,2026-09-20,Sunday,16:25,Home,,,,2026092011,,,202609200dal,,401872944,7047.0,7,7,185.0,-225.0,-108.0,-112.0,-112.0,-108.0,1,,matrixturf,,,00-0039910,00-0033077,Jayden Daniels,Dak Prescott,Dan Quinn,Brian Schottenheimer,,DAL00,AT&T Stadium,0.0905173974115651,0.0705494374595481,Dak Prescott,Embedded team QB,2026-09-14 13:53:31+00:00,depth-chart+embedded-baseline,0.0030623832563075,-0.0086794537963231,Jayden Daniels,Embedded team QB,2026-09-14 13:53:31+00:00,depth-chart+embedded-baseline,0.1959296166411819,0.115213253527823,3.5,25,0,1,1,3,2026-09-15 02:44:00+00:00,espn,0.0,25,0,0,4,0,2026-09-15 02:17:00+00:00,espn,0.0,Home,,matrixturf,AT&T Stadium,True,open-meteo,2026-09-20 20:00:00+00:00,100.3,5.4,7.6,15.0,0.0,0.0,0.0,nflverse-depth-chart,recency-dropback-weighted-team-qb,nflverse-depth-chart,recency-dropback-weighted-team-qb,,,-3.5,50.5,,,PENDING,PENDING,PENDING
2026_02_IND_KC,2026,2,IND,KC,8.491716321932985,-6.5,1.9917163219329852,KC,47.53697100391905,47.5,0.0369710039190493,OVER,19.522627340993036,28.014343662926017,Oak spread: promoted V5 core + validated adjustments,Oak totals: locked V12,REG,2026-09-20,Sunday,20:20,Home,,,,2026092013,,,202609200kan,,401872945,7049.0,7,6,245.0,-305.0,100.0,-120.0,-110.0,-110.0,0,outdoors,grass,,,00-0035710,00-0033873,Daniel Jones,Patrick Mahomes,Shane Steichen,Andy Reid,,KAN00,GEHA Field at Arrowhead Stadium,0.0468918061706585,-0.0340348392498785,Patrick Mahomes,Embedded team QB,2026-09-14 13:53:31+00:00,depth-chart+embedded-baseline,-0.0359697314630733,-0.0595668770992044,Daniel Jones,Embedded team QB,2026-09-14 13:53:31+00:00,depth-chart+embedded-baseline,0.7940684301953944,0.2315399124108453,6.5,25,8,0,1,0,2026-09-15 04:32:00+00:00,espn,0.0,25,1,0,2,3,2026-09-15 00:41:00+00:00,espn,0.0,Home,outdoors,grass,GEHA Field at Arrowhead Stadium,False,missing,,,,,,,,0.0,nflverse-depth-chart,recency-dropback-weighted-team-qb,nflverse-depth-chart,recency-dropback-weighted-team-qb,,,-6.5,47.5,,,PENDING,PENDING,PENDING
2026_02_NYG_LA,2026,2,NYG,LA,1.5184592042055325,-7.0,-5.481540795794468,NYG,50.94393121345343,48.5,2.443931213453425,OVER,24.712736004623945,26.23119520882948,Oak spread: promoted V5 core + validated adjustments,Oak totals: locked V12,REG,2026-09-21,Monday,20:15,Home,,,,2026092100,,,202609210ram,,401872947,7050.0,8,11,280.0,-355.0,-105.0,-115.0,-112.0,-108.0,0,dome,matrixturf,,,00-0040691,00-0026498,Jaxson Dart,Matthew Stafford,John Harbaugh,Sean McVay,,LAX01,SoFi Stadium,0.108084453158696,0.106496723752901,Matthew Stafford,Embedded team QB,2026-09-14 13:53:31+00:00,depth-chart+embedded-baseline,0.0197317544597649,-0.0025943808545412,Jaxson Dart,Embedded team QB,2026-09-14 13:53:31+00:00,depth-chart+embedded-baseline,0.0155791184755414,0.2190685049310351,7.0,25,1,0,3,0,2026-09-14 23:50:00+00:00,espn,0.0,25,0,0,0,1,2026-09-15 02:26:00+00:00,espn,0.0,Home,dome,matrixturf,SoFi Stadium,False,missing,,,,,,,,0.0,nflverse-depth-chart,recency-dropback-weighted-team-qb,nflverse-depth-chart,recency-dropback-weighted-team-qb,,,-7.0,48.5,,,PENDING,PENDING,PENDING
