game_id,home_team,away_team,location,roof,surface,stadium,weather_available,weather_source,forecast_time_utc,temperature_f,wind_mph,wind_gust_mph,precipitation_probability_pct,precipitation_in,weather_code,weather_auto_points
2026_01_NE_SEA,SEA,NE,Home,outdoors,fieldturf,Lumen Field,True,open-meteo,2026-09-10 00:00:00+00:00,76.8,7.0,7.6,0,0.0,0,0.0
2026_01_SF_LA,LA,SF,Neutral,dome,matrixturf,Melbourne Cricket Ground,False,missing,,,,,,,,0.0
2026_01_ATL_PIT,PIT,ATL,Home,outdoors,grass,Acrisure Stadium,True,open-meteo,2026-09-13 17:00:00+00:00,64.1,4.9,14.5,15,0.0,3,0.0
2026_01_BAL_IND,IND,BAL,Home,,fieldturf,Lucas Oil Stadium,True,open-meteo,2026-09-13 17:00:00+00:00,85.9,13.3,24.8,13,0.0,2,0.0
2026_01_BUF_HOU,HOU,BUF,Home,,astroturf,Reliant Stadium,True,open-meteo,2026-09-13 17:00:00+00:00,93.6,4.2,7.2,9,0.0,0,0.0
2026_01_CHI_CAR,CAR,CHI,Home,outdoors,grass,Bank of America Stadium,True,open-meteo,2026-09-13 17:00:00+00:00,79.2,6.4,8.7,4,0.0,3,0.0
2026_01_CLE_JAX,JAX,CLE,Home,outdoors,grass,EverBank Stadium,True,open-meteo,2026-09-13 17:00:00+00:00,88.7,13.0,13.0,19,0.0,3,0.0
2026_01_NO_DET,DET,NO,Home,dome,fieldturf,Ford Field,True,open-meteo,2026-09-13 17:00:00+00:00,72.3,13.0,30.6,16,0.0,3,0.0
2026_01_NYJ_TEN,TEN,NYJ,Home,outdoors,grass,Nissan Stadium,True,open-meteo,2026-09-13 17:00:00+00:00,91.4,7.6,8.7,7,0.0,1,0.0
2026_01_TB_CIN,CIN,TB,Home,outdoors,fieldturf,Paycor Stadium,True,open-meteo,2026-09-13 17:00:00+00:00,78.6,5.4,14.3,12,0.024,53,0.0
2026_01_ARI_LAC,LAC,ARI,Home,dome,matrixturf,SoFi Stadium,True,open-meteo,2026-09-13 20:00:00+00:00,74.3,10.9,6.0,2,0.0,0,0.0
2026_01_GB_MIN,MIN,GB,Home,dome,sportturf,U.S. Bank Stadium,True,open-meteo,2026-09-13 20:00:00+00:00,92.2,5.0,5.8,13,0.0,1,0.0
2026_01_MIA_LV,LV,MIA,Home,dome,grass,Allegiant Stadium,True,open-meteo,2026-09-13 20:00:00+00:00,87.7,6.0,8.3,5,0.0,0,0.0
2026_01_WAS_PHI,PHI,WAS,Home,outdoors,grass,Lincoln Financial Field,True,open-meteo,2026-09-13 20:00:00+00:00,77.5,8.6,14.1,10,0.0,3,0.0
2026_01_DAL_NYG,NYG,DAL,Home,outdoors,fieldturf,MetLife Stadium,True,open-meteo,2026-09-14 00:00:00+00:00,73.4,7.4,15.9,11,0.0,3,0.0
2026_01_DEN_KC,KC,DEN,Home,outdoors,grass,GEHA Field at Arrowhead Stadium,True,open-meteo,2026-09-15 00:00:00+00:00,102.4,11.0,20.6,14,0.0,0,0.0
